"Provider","ProviderCountry","ISO","Country","URL","Plan","GB","Days","Price","Currency","SpecialOffer","OfferPonder","PriceDate","ISO3","variant_id","name","eur_price","usd_price","source"
"saily","Afghanistan","AF","Afghanistan","https://saily.com/esim-afghanistan/","Standard","1","7","5.49","USD","","","2026-07-27","AFG","saily-AFG-Standard-1-7-5.49","Select 1 GB - 7 days for 5.49 USD.","","5.49","visible_text"
"saily","Afghanistan","AF","Afghanistan","https://saily.com/esim-afghanistan/","Standard","3","30","13.99","USD","","","2026-07-27","AFG","saily-AFG-Standard-3-30-13.99","Select 3 GB - 30 days for 13.99 USD.","","13.99","visible_text"
"saily","Afghanistan","AF","Afghanistan","https://saily.com/esim-afghanistan/","Standard","5","30","20.99","USD","","","2026-07-27","AFG","saily-AFG-Standard-5-30-20.99","Select 5 GB - 30 days for 20.99 USD.","","20.99","visible_text"
"saily","Afghanistan","AF","Afghanistan","https://saily.com/esim-afghanistan/","Standard","10","30","33.99","USD","","","2026-07-27","AFG","saily-AFG-Standard-10-30-33.99","Select 10 GB - 30 days for 33.99 USD.","","33.99","visible_text"
"saily","Albania","AL","Albania","https://saily.com/esim-albania/","Standard","1","7","3.99","USD","","","2026-07-27","ALB","saily-ALB-Standard-1-7-3.99","Select 1 GB - 7 days for 3.99 USD.","","3.99","visible_text"
"saily","Albania","AL","Albania","https://saily.com/esim-albania/","Standard","3","30","8.99","USD","","","2026-07-27","ALB","saily-ALB-Standard-3-30-8.99","Select 3 GB - 30 days for 8.99 USD.","","8.99","visible_text"
"saily","Albania","AL","Albania","https://saily.com/esim-albania/","Standard","5","30","12.99","USD","","","2026-07-27","ALB","saily-ALB-Standard-5-30-12.99","Select 5 GB - 30 days for 12.99 USD.","","12.99","visible_text"
"saily","Albania","AL","Albania","https://saily.com/esim-albania/","Standard","10","30","21.99","USD","","","2026-07-27","ALB","saily-ALB-Standard-10-30-21.99","Select 10 GB - 30 days for 21.99 USD.","","21.99","visible_text"
"saily","Albania","AL","Albania","https://saily.com/esim-albania/","Standard","20","30","29.99","USD","","","2026-07-27","ALB","saily-ALB-Standard-20-30-29.99","Select 20 GB - 30 days for 29.99 USD.","","29.99","visible_text"
"saily","Albania","AL","Albania","https://saily.com/esim-albania/","Unlimited","Unlimited","5","25.99","USD","","","2026-07-27","ALB","33837136-3b25-47f5-8b0d-8edb8da2ff88","Select Unlimited - 5 days for 25.99 USD.","","25.99","offer_schema"
"saily","Albania","AL","Albania","https://saily.com/esim-albania/","Unlimited","Unlimited","7","35.99","USD","","","2026-07-27","ALB","a20868be-c5fa-419d-a50a-841f3dec649f","Select Unlimited - 7 days for 35.99 USD.","","35.99","offer_schema"
"saily","Albania","AL","Albania","https://saily.com/esim-albania/","Unlimited","Unlimited","10","38.99","USD","","","2026-07-27","ALB","35904675-4455-4cdf-b4d3-dba8b31301b9","Select Unlimited - 10 days for 38.99 USD.","","38.99","offer_schema"
"saily","Albania","AL","Albania","https://saily.com/esim-albania/","Unlimited","Unlimited","15","57.99","USD","","","2026-07-27","ALB","93ae8bd9-0a4b-4f45-8c38-6def29d91132","Select Unlimited - 15 days for 57.99 USD.","","57.99","offer_schema"
"saily","Albania","AL","Albania","https://saily.com/esim-albania/","Unlimited","Unlimited","20","72.99","USD","","","2026-07-27","ALB","4c8337cb-796c-478e-ab73-b1501ec799cd","Select Unlimited - 20 days for 72.99 USD.","","72.99","offer_schema"
"saily","Albania","AL","Albania","https://saily.com/esim-albania/","Unlimited","Unlimited","25","86.99","USD","","","2026-07-27","ALB","0ab37282-e78b-421e-a74b-86d4060d9d24","Select Unlimited - 25 days for 86.99 USD.","","86.99","offer_schema"
"saily","Albania","AL","Albania","https://saily.com/esim-albania/","Unlimited","Unlimited","30","98.99","USD","","","2026-07-27","ALB","85fdf755-bcf0-48ae-81ae-c7d819e409d7","Select Unlimited - 30 days for 98.99 USD.","","98.99","offer_schema"
"saily","Algeria","DZ","Algeria","https://saily.com/esim-algeria/","Standard","1","7","8.99","USD","","","2026-07-27","DZA","saily-DZA-Standard-1-7-8.99","Select 1 GB - 7 days for 8.99 USD.","","8.99","visible_text"
"saily","Algeria","DZ","Algeria","https://saily.com/esim-algeria/","Standard","3","30","14.99","USD","","","2026-07-27","DZA","saily-DZA-Standard-3-30-14.99","Select 3 GB - 30 days for 14.99 USD.","","14.99","visible_text"
"saily","Algeria","DZ","Algeria","https://saily.com/esim-algeria/","Standard","5","30","23.99","USD","","","2026-07-27","DZA","saily-DZA-Standard-5-30-23.99","Select 5 GB - 30 days for 23.99 USD.","","23.99","visible_text"
"saily","Algeria","DZ","Algeria","https://saily.com/esim-algeria/","Standard","10","30","41.99","USD","","","2026-07-27","DZA","saily-DZA-Standard-10-30-41.99","Select 10 GB - 30 days for 41.99 USD.","","41.99","visible_text"
"saily","Andorra","AD","Andorra","https://saily.com/esim-andorra/","Standard","1","7","3.99","USD","","","2026-07-27","AND","saily-AND-Standard-1-7-3.99","Select 1 GB - 7 days for 3.99 USD.","","3.99","visible_text"
"saily","Andorra","AD","Andorra","https://saily.com/esim-andorra/","Standard","3","30","9.99","USD","","","2026-07-27","AND","saily-AND-Standard-3-30-9.99","Select 3 GB - 30 days for 9.99 USD.","","9.99","visible_text"
"saily","Andorra","AD","Andorra","https://saily.com/esim-andorra/","Standard","5","30","14.99","USD","","","2026-07-27","AND","saily-AND-Standard-5-30-14.99","Select 5 GB - 30 days for 14.99 USD.","","14.99","visible_text"
"saily","Andorra","AD","Andorra","https://saily.com/esim-andorra/","Standard","10","30","23.99","USD","","","2026-07-27","AND","saily-AND-Standard-10-30-23.99","Select 10 GB - 30 days for 23.99 USD.","","23.99","visible_text"
"saily","Andorra","AD","Andorra","https://saily.com/esim-andorra/","Standard","20","30","38.99","USD","","","2026-07-27","AND","saily-AND-Standard-20-30-38.99","Select 20 GB - 30 days for 38.99 USD.","","38.99","visible_text"
"saily","Andorra","AD","Andorra","https://saily.com/esim-andorra/","Unlimited","Unlimited","5","18.99","USD","","","2026-07-27","AND","7de3d140-f044-4746-8aa5-20b1248f6ce7","Select Unlimited - 5 days for 18.99 USD.","","18.99","offer_schema"
"saily","Andorra","AD","Andorra","https://saily.com/esim-andorra/","Unlimited","Unlimited","7","28.99","USD","","","2026-07-27","AND","8ffb8d9a-bfe2-4d67-93de-602f2162e2e1","Select Unlimited - 7 days for 28.99 USD.","","28.99","offer_schema"
"saily","Andorra","AD","Andorra","https://saily.com/esim-andorra/","Unlimited","Unlimited","10","34.99","USD","","","2026-07-27","AND","b4c13252-6921-44b5-8cfe-f921febe3348","Select Unlimited - 10 days for 34.99 USD.","","34.99","offer_schema"
"saily","Andorra","AD","Andorra","https://saily.com/esim-andorra/","Unlimited","Unlimited","15","48.99","USD","","","2026-07-27","AND","fb7d608e-7937-40e2-8378-b79e33ed345a","Select Unlimited - 15 days for 48.99 USD.","","48.99","offer_schema"
"saily","Andorra","AD","Andorra","https://saily.com/esim-andorra/","Unlimited","Unlimited","20","59.99","USD","","","2026-07-27","AND","af4048b4-cf77-41a2-adb8-575b8625de86","Select Unlimited - 20 days for 59.99 USD.","","59.99","offer_schema"
"saily","Andorra","AD","Andorra","https://saily.com/esim-andorra/","Unlimited","Unlimited","25","65.99","USD","","","2026-07-27","AND","977b9e53-4531-4f4f-94c5-ce7f06df25d2","Select Unlimited - 25 days for 65.99 USD.","","65.99","offer_schema"
"saily","Andorra","AD","Andorra","https://saily.com/esim-andorra/","Unlimited","Unlimited","30","71.99","USD","","","2026-07-27","AND","206ada30-64e0-4783-b7e6-57235474edcb","Select Unlimited - 30 days for 71.99 USD.","","71.99","offer_schema"
"saily","Anguilla","AI","Anguilla","https://saily.com/esim-anguilla/","Standard","1","7","8.49","USD","","","2026-07-27","AIA","saily-AIA-Standard-1-7-8.49","Select 1 GB - 7 days for 8.49 USD.","","8.49","visible_text"
"saily","Anguilla","AI","Anguilla","https://saily.com/esim-anguilla/","Standard","3","30","18.99","USD","","","2026-07-27","AIA","saily-AIA-Standard-3-30-18.99","Select 3 GB - 30 days for 18.99 USD.","","18.99","visible_text"
"saily","Anguilla","AI","Anguilla","https://saily.com/esim-anguilla/","Standard","5","30","27.99","USD","","","2026-07-27","AIA","saily-AIA-Standard-5-30-27.99","Select 5 GB - 30 days for 27.99 USD.","","27.99","visible_text"
"saily","Anguilla","AI","Anguilla","https://saily.com/esim-anguilla/","Standard","10","30","37.99","USD","","","2026-07-27","AIA","saily-AIA-Standard-10-30-37.99","Select 10 GB - 30 days for 37.99 USD.","","37.99","visible_text"
"saily","Antigua And Barbuda","AG","Antigua and Barbuda","https://saily.com/esim-antigua-and-barbuda/","Standard","1","7","8.99","USD","","","2026-07-27","ATG","saily-ATG-Standard-1-7-8.99","Select 1 GB - 7 days for 8.99 USD.","","8.99","visible_text"
"saily","Antigua And Barbuda","AG","Antigua and Barbuda","https://saily.com/esim-antigua-and-barbuda/","Standard","3","30","22.99","USD","","","2026-07-27","ATG","saily-ATG-Standard-3-30-22.99","Select 3 GB - 30 days for 22.99 USD.","","22.99","visible_text"
"saily","Antigua And Barbuda","AG","Antigua and Barbuda","https://saily.com/esim-antigua-and-barbuda/","Standard","5","30","29.99","USD","","","2026-07-27","ATG","saily-ATG-Standard-5-30-29.99","Select 5 GB - 30 days for 29.99 USD.","","29.99","visible_text"
"saily","Argentina","AR","Argentina","https://saily.com/esim-argentina/","Standard","1","7","5.29","USD","","","2026-07-27","ARG","saily-ARG-Standard-1-7-5.29","Select 1 GB - 7 days for 5.29 USD.","","5.29","visible_text"
"saily","Argentina","AR","Argentina","https://saily.com/esim-argentina/","Standard","3","30","9.99","USD","","","2026-07-27","ARG","saily-ARG-Standard-3-30-9.99","Select 3 GB - 30 days for 9.99 USD.","","9.99","visible_text"
"saily","Argentina","AR","Argentina","https://saily.com/esim-argentina/","Standard","5","30","16.99","USD","","","2026-07-27","ARG","saily-ARG-Standard-5-30-16.99","Select 5 GB - 30 days for 16.99 USD.","","16.99","visible_text"
"saily","Argentina","AR","Argentina","https://saily.com/esim-argentina/","Standard","10","30","29.99","USD","","","2026-07-27","ARG","saily-ARG-Standard-10-30-29.99","Select 10 GB - 30 days for 29.99 USD.","","29.99","visible_text"
"saily","Argentina","AR","Argentina","https://saily.com/esim-argentina/","Standard","20","30","46.99","USD","","","2026-07-27","ARG","saily-ARG-Standard-20-30-46.99","Select 20 GB - 30 days for 46.99 USD.","","46.99","visible_text"
"saily","Armenia","AM","Armenia","https://saily.com/esim-armenia/","Standard","1","7","8.99","USD","","","2026-07-27","ARM","saily-ARM-Standard-1-7-8.99","Select 1 GB - 7 days for 8.99 USD.","","8.99","visible_text"
"saily","Armenia","AM","Armenia","https://saily.com/esim-armenia/","Standard","3","30","15.99","USD","","","2026-07-27","ARM","saily-ARM-Standard-3-30-15.99","Select 3 GB - 30 days for 15.99 USD.","","15.99","visible_text"
"saily","Armenia","AM","Armenia","https://saily.com/esim-armenia/","Standard","5","30","25.99","USD","","","2026-07-27","ARM","saily-ARM-Standard-5-30-25.99","Select 5 GB - 30 days for 25.99 USD.","","25.99","visible_text"
"saily","Armenia","AM","Armenia","https://saily.com/esim-armenia/","Standard","10","30","44.99","USD","","","2026-07-27","ARM","saily-ARM-Standard-10-30-44.99","Select 10 GB - 30 days for 44.99 USD.","","44.99","visible_text"
"saily","Australia","AU","Australia","https://saily.com/esim-australia/","Standard","1","7","3.99","USD","","","2026-07-27","AUS","saily-AUS-Standard-1-7-3.99","Select 1 GB - 7 days for 3.99 USD.","","3.99","visible_text"
"saily","Australia","AU","Australia","https://saily.com/esim-australia/","Standard","3","30","7.99","USD","","","2026-07-27","AUS","saily-AUS-Standard-3-30-7.99","Select 3 GB - 30 days for 7.99 USD.","","7.99","visible_text"
"saily","Australia","AU","Australia","https://saily.com/esim-australia/","Standard","5","30","10.99","USD","","","2026-07-27","AUS","saily-AUS-Standard-5-30-10.99","Select 5 GB - 30 days for 10.99 USD.","","10.99","visible_text"
"saily","Australia","AU","Australia","https://saily.com/esim-australia/","Standard","10","30","17.99","USD","","","2026-07-27","AUS","saily-AUS-Standard-10-30-17.99","Select 10 GB - 30 days for 17.99 USD.","","17.99","visible_text"
"saily","Australia","AU","Australia","https://saily.com/esim-australia/","Standard","20","30","29.99","USD","","","2026-07-27","AUS","saily-AUS-Standard-20-30-29.99","Select 20 GB - 30 days for 29.99 USD.","","29.99","visible_text"
"saily","Australia","AU","Australia","https://saily.com/esim-australia/","Unlimited","Unlimited","5","18.99","USD","","","2026-07-27","AUS","6c179189-e05a-4f6c-9983-c9141e6238d0","Select Unlimited - 5 days for 18.99 USD.","","18.99","offer_schema"
"saily","Australia","AU","Australia","https://saily.com/esim-australia/","Unlimited","Unlimited","7","26.99","USD","","","2026-07-27","AUS","349c984c-05bb-40f6-a75a-091ecc2d5ef1","Select Unlimited - 7 days for 26.99 USD.","","26.99","offer_schema"
"saily","Australia","AU","Australia","https://saily.com/esim-australia/","Unlimited","Unlimited","10","34.99","USD","","","2026-07-27","AUS","82490fbd-b20e-4af8-bb0a-cf64b1b96812","Select Unlimited - 10 days for 34.99 USD.","","34.99","offer_schema"
"saily","Australia","AU","Australia","https://saily.com/esim-australia/","Unlimited","Unlimited","15","48.99","USD","","","2026-07-27","AUS","3cd9ce40-4c21-488e-a853-1118da656092","Select Unlimited - 15 days for 48.99 USD.","","48.99","offer_schema"
"saily","Australia","AU","Australia","https://saily.com/esim-australia/","Unlimited","Unlimited","20","59.99","USD","","","2026-07-27","AUS","c0cd8818-f57d-43cf-a24c-05ed30916e9c","Select Unlimited - 20 days for 59.99 USD.","","59.99","offer_schema"
"saily","Australia","AU","Australia","https://saily.com/esim-australia/","Unlimited","Unlimited","25","65.99","USD","","","2026-07-27","AUS","95c45287-b9ec-4c89-9158-cd51b71c12c1","Select Unlimited - 25 days for 65.99 USD.","","65.99","offer_schema"
"saily","Australia","AU","Australia","https://saily.com/esim-australia/","Unlimited","Unlimited","30","71.99","USD","","","2026-07-27","AUS","8f2e5111-2a61-43a3-b934-f533228cf29a","Select Unlimited - 30 days for 71.99 USD.","","71.99","offer_schema"
"saily","Austria","AT","Austria","https://saily.com/esim-austria/","Standard","1","7","1.99","USD","","","2026-07-27","AUT","saily-AUT-Standard-1-7-1.99","Select 1 GB - 7 days for 1.99 USD.","","1.99","visible_text"
"saily","Austria","AT","Austria","https://saily.com/esim-austria/","Standard","3","30","5.99","USD","","","2026-07-27","AUT","saily-AUT-Standard-3-30-5.99","Select 3 GB - 30 days for 5.99 USD.","","5.99","visible_text"
"saily","Austria","AT","Austria","https://saily.com/esim-austria/","Standard","5","30","7.99","USD","","","2026-07-27","AUT","saily-AUT-Standard-5-30-7.99","Select 5 GB - 30 days for 7.99 USD.","","7.99","visible_text"
"saily","Austria","AT","Austria","https://saily.com/esim-austria/","Standard","10","30","10.99","USD","","","2026-07-27","AUT","saily-AUT-Standard-10-30-10.99","Select 10 GB - 30 days for 10.99 USD.","","10.99","visible_text"
"saily","Austria","AT","Austria","https://saily.com/esim-austria/","Standard","20","30","15.99","USD","","","2026-07-27","AUT","saily-AUT-Standard-20-30-15.99","Select 20 GB - 30 days for 15.99 USD.","","15.99","visible_text"
"saily","Austria","AT","Austria","https://saily.com/esim-austria/","Unlimited","Unlimited","5","18.99","USD","","","2026-07-27","AUT","cf647a4a-33ea-44c9-a827-14d30c0f7f3d","Select Unlimited - 5 days for 18.99 USD.","","18.99","offer_schema"
"saily","Austria","AT","Austria","https://saily.com/esim-austria/","Unlimited","Unlimited","7","26.99","USD","","","2026-07-27","AUT","e8d3704c-f00b-4f4d-ae20-bfd59b53b0cc","Select Unlimited - 7 days for 26.99 USD.","","26.99","offer_schema"
"saily","Austria","AT","Austria","https://saily.com/esim-austria/","Unlimited","Unlimited","10","34.99","USD","","","2026-07-27","AUT","702ed0ac-c7d6-4aa2-bf84-172b47853af8","Select Unlimited - 10 days for 34.99 USD.","","34.99","offer_schema"
"saily","Austria","AT","Austria","https://saily.com/esim-austria/","Unlimited","Unlimited","15","48.99","USD","","","2026-07-27","AUT","8f5371da-9348-4e2e-b2c7-57f431249361","Select Unlimited - 15 days for 48.99 USD.","","48.99","offer_schema"
"saily","Austria","AT","Austria","https://saily.com/esim-austria/","Unlimited","Unlimited","20","59.99","USD","","","2026-07-27","AUT","c4879b0b-9220-416c-b701-abb1fde0af56","Select Unlimited - 20 days for 59.99 USD.","","59.99","offer_schema"
"saily","Austria","AT","Austria","https://saily.com/esim-austria/","Unlimited","Unlimited","25","65.99","USD","","","2026-07-27","AUT","1d8ab4bf-705d-4f04-b37d-8cb2e4b01e85","Select Unlimited - 25 days for 65.99 USD.","","65.99","offer_schema"
"saily","Austria","AT","Austria","https://saily.com/esim-austria/","Unlimited","Unlimited","30","71.99","USD","","","2026-07-27","AUT","c3d68b94-bee1-45f2-a4b0-dcb7d43a5a4f","Select Unlimited - 30 days for 71.99 USD.","","71.99","offer_schema"
"saily","Azerbaijan","AZ","Azerbaijan","https://saily.com/esim-azerbaijan/","Standard","1","7","5.99","USD","","","2026-07-27","AZE","saily-AZE-Standard-1-7-5.99","Select 1 GB - 7 days for 5.99 USD.","","5.99","visible_text"
"saily","Azerbaijan","AZ","Azerbaijan","https://saily.com/esim-azerbaijan/","Standard","3","30","13.99","USD","","","2026-07-27","AZE","saily-AZE-Standard-3-30-13.99","Select 3 GB - 30 days for 13.99 USD.","","13.99","visible_text"
"saily","Azerbaijan","AZ","Azerbaijan","https://saily.com/esim-azerbaijan/","Standard","5","30","22.99","USD","","","2026-07-27","AZE","saily-AZE-Standard-5-30-22.99","Select 5 GB - 30 days for 22.99 USD.","","22.99","visible_text"
"saily","Azerbaijan","AZ","Azerbaijan","https://saily.com/esim-azerbaijan/","Standard","10","30","36.99","USD","","","2026-07-27","AZE","saily-AZE-Standard-10-30-36.99","Select 10 GB - 30 days for 36.99 USD.","","36.99","visible_text"
"saily","Bahamas","BS","Bahamas","https://saily.com/esim-bahamas/","Standard","1","7","8.99","USD","","","2026-07-27","BHS","saily-BHS-Standard-1-7-8.99","Select 1 GB - 7 days for 8.99 USD.","","8.99","visible_text"
"saily","Bahamas","BS","Bahamas","https://saily.com/esim-bahamas/","Standard","3","30","19.99","USD","","","2026-07-27","BHS","saily-BHS-Standard-3-30-19.99","Select 3 GB - 30 days for 19.99 USD.","","19.99","visible_text"
"saily","Bahamas","BS","Bahamas","https://saily.com/esim-bahamas/","Standard","5","30","29.99","USD","","","2026-07-27","BHS","saily-BHS-Standard-5-30-29.99","Select 5 GB - 30 days for 29.99 USD.","","29.99","visible_text"
"saily","Bahrain","BH","Bahrain","https://saily.com/esim-bahrain/","Standard","1","7","4.99","USD","","","2026-07-27","BHR","saily-BHR-Standard-1-7-4.99","Select 1 GB - 7 days for 4.99 USD.","","4.99","visible_text"
"saily","Bahrain","BH","Bahrain","https://saily.com/esim-bahrain/","Standard","3","30","11.99","USD","","","2026-07-27","BHR","saily-BHR-Standard-3-30-11.99","Select 3 GB - 30 days for 11.99 USD.","","11.99","visible_text"
"saily","Bahrain","BH","Bahrain","https://saily.com/esim-bahrain/","Standard","5","30","17.99","USD","","","2026-07-27","BHR","saily-BHR-Standard-5-30-17.99","Select 5 GB - 30 days for 17.99 USD.","","17.99","visible_text"
"saily","Bahrain","BH","Bahrain","https://saily.com/esim-bahrain/","Standard","10","30","28.99","USD","","","2026-07-27","BHR","saily-BHR-Standard-10-30-28.99","Select 10 GB - 30 days for 28.99 USD.","","28.99","visible_text"
"saily","Bahrain","BH","Bahrain","https://saily.com/esim-bahrain/","Standard","20","30","44.99","USD","","","2026-07-27","BHR","saily-BHR-Standard-20-30-44.99","Select 20 GB - 30 days for 44.99 USD.","","44.99","visible_text"
"saily","Barbados","BB","Barbados","https://saily.com/esim-barbados/","Standard","1","7","8.99","USD","","","2026-07-27","BRB","saily-BRB-Standard-1-7-8.99","Select 1 GB - 7 days for 8.99 USD.","","8.99","visible_text"
"saily","Barbados","BB","Barbados","https://saily.com/esim-barbados/","Standard","3","30","22.99","USD","","","2026-07-27","BRB","saily-BRB-Standard-3-30-22.99","Select 3 GB - 30 days for 22.99 USD.","","22.99","visible_text"
"saily","Barbados","BB","Barbados","https://saily.com/esim-barbados/","Standard","5","30","29.99","USD","","","2026-07-27","BRB","saily-BRB-Standard-5-30-29.99","Select 5 GB - 30 days for 29.99 USD.","","29.99","visible_text"
"saily","Belgium","BE","Belgium","https://saily.com/esim-belgium/","Standard","1","7","3.99","USD","","","2026-07-27","BEL","saily-BEL-Standard-1-7-3.99","Select 1 GB - 7 days for 3.99 USD.","","3.99","visible_text"
"saily","Belgium","BE","Belgium","https://saily.com/esim-belgium/","Standard","3","30","7.99","USD","","","2026-07-27","BEL","saily-BEL-Standard-3-30-7.99","Select 3 GB - 30 days for 7.99 USD.","","7.99","visible_text"
"saily","Belgium","BE","Belgium","https://saily.com/esim-belgium/","Standard","5","30","10.99","USD","","","2026-07-27","BEL","saily-BEL-Standard-5-30-10.99","Select 5 GB - 30 days for 10.99 USD.","","10.99","visible_text"
"saily","Belgium","BE","Belgium","https://saily.com/esim-belgium/","Standard","10","30","16.99","USD","","","2026-07-27","BEL","saily-BEL-Standard-10-30-16.99","Select 10 GB - 30 days for 16.99 USD.","","16.99","visible_text"
"saily","Belgium","BE","Belgium","https://saily.com/esim-belgium/","Standard","20","30","25.99","USD","","","2026-07-27","BEL","saily-BEL-Standard-20-30-25.99","Select 20 GB - 30 days for 25.99 USD.","","25.99","visible_text"
"saily","Belgium","BE","Belgium","https://saily.com/esim-belgium/","Unlimited","Unlimited","5","18.99","USD","","","2026-07-27","BEL","1ead5325-6f35-4e4d-92f0-8db58463e113","Select Unlimited - 5 days for 18.99 USD.","","18.99","offer_schema"
"saily","Belgium","BE","Belgium","https://saily.com/esim-belgium/","Unlimited","Unlimited","7","26.99","USD","","","2026-07-27","BEL","d1383f4c-cb79-4d2e-b340-28eea283629e","Select Unlimited - 7 days for 26.99 USD.","","26.99","offer_schema"
"saily","Belgium","BE","Belgium","https://saily.com/esim-belgium/","Unlimited","Unlimited","10","34.99","USD","","","2026-07-27","BEL","c668dc58-2871-4be8-b921-dfaa7c0d5cb7","Select Unlimited - 10 days for 34.99 USD.","","34.99","offer_schema"
"saily","Belgium","BE","Belgium","https://saily.com/esim-belgium/","Unlimited","Unlimited","15","48.99","USD","","","2026-07-27","BEL","b277dc33-2bf2-4f07-95a7-cf7ae2f3ed8a","Select Unlimited - 15 days for 48.99 USD.","","48.99","offer_schema"
"saily","Belgium","BE","Belgium","https://saily.com/esim-belgium/","Unlimited","Unlimited","20","59.99","USD","","","2026-07-27","BEL","98e65095-26c7-400e-ad82-8181e3fc0d5f","Select Unlimited - 20 days for 59.99 USD.","","59.99","offer_schema"
"saily","Belgium","BE","Belgium","https://saily.com/esim-belgium/","Unlimited","Unlimited","25","65.99","USD","","","2026-07-27","BEL","1feee147-dd2f-4b3c-8686-90b93c10bd6b","Select Unlimited - 25 days for 65.99 USD.","","65.99","offer_schema"
"saily","Belgium","BE","Belgium","https://saily.com/esim-belgium/","Unlimited","Unlimited","30","71.99","USD","","","2026-07-27","BEL","1366deb7-778d-4af1-9320-f46134515320","Select Unlimited - 30 days for 71.99 USD.","","71.99","offer_schema"
"saily","Belize","BZ","Belize","https://saily.com/esim-belize/","Standard","1","7","8.99","USD","","","2026-07-27","BLZ","saily-BLZ-Standard-1-7-8.99","Select 1 GB - 7 days for 8.99 USD.","","8.99","visible_text"
"saily","Belize","BZ","Belize","https://saily.com/esim-belize/","Standard","3","30","26.49","USD","","","2026-07-27","BLZ","saily-BLZ-Standard-3-30-26.49","Select 3 GB - 30 days for 26.49 USD.","","26.49","visible_text"
"saily","Bermuda","BM","Bermuda","https://saily.com/esim-bermuda/","Standard","1","7","6.99","USD","","","2026-07-27","BMU","saily-BMU-Standard-1-7-6.99","Select 1 GB - 7 days for 6.99 USD.","","6.99","visible_text"
"saily","Bermuda","BM","Bermuda","https://saily.com/esim-bermuda/","Standard","3","30","18.99","USD","","","2026-07-27","BMU","saily-BMU-Standard-3-30-18.99","Select 3 GB - 30 days for 18.99 USD.","","18.99","visible_text"
"saily","Bermuda","BM","Bermuda","https://saily.com/esim-bermuda/","Standard","5","30","28.99","USD","","","2026-07-27","BMU","saily-BMU-Standard-5-30-28.99","Select 5 GB - 30 days for 28.99 USD.","","28.99","visible_text"
"saily","Bermuda","BM","Bermuda","https://saily.com/esim-bermuda/","Standard","10","30","38.99","USD","","","2026-07-27","BMU","saily-BMU-Standard-10-30-38.99","Select 10 GB - 30 days for 38.99 USD.","","38.99","visible_text"
"saily","Bosnia And Herzegovina","BA","Bosnia and Herzegovina","https://saily.com/esim-bosnia-and-herzegovina/","Standard","1","7","4.99","USD","","","2026-07-27","BIH","saily-BIH-Standard-1-7-4.99","Select 1 GB - 7 days for 4.99 USD.","","4.99","visible_text"
"saily","Bosnia And Herzegovina","BA","Bosnia and Herzegovina","https://saily.com/esim-bosnia-and-herzegovina/","Standard","3","30","9.99","USD","","","2026-07-27","BIH","saily-BIH-Standard-3-30-9.99","Select 3 GB - 30 days for 9.99 USD.","","9.99","visible_text"
"saily","Bosnia And Herzegovina","BA","Bosnia and Herzegovina","https://saily.com/esim-bosnia-and-herzegovina/","Standard","5","30","13.99","USD","","","2026-07-27","BIH","saily-BIH-Standard-5-30-13.99","Select 5 GB - 30 days for 13.99 USD.","","13.99","visible_text"
"saily","Botswana","BW","Botswana","https://saily.com/esim-botswana/","Standard","1","7","6.99","USD","","","2026-07-27","BWA","saily-BWA-Standard-1-7-6.99","Select 1 GB - 7 days for 6.99 USD.","","6.99","visible_text"
"saily","Botswana","BW","Botswana","https://saily.com/esim-botswana/","Standard","3","30","17.99","USD","","","2026-07-27","BWA","saily-BWA-Standard-3-30-17.99","Select 3 GB - 30 days for 17.99 USD.","","17.99","visible_text"
"saily","Botswana","BW","Botswana","https://saily.com/esim-botswana/","Standard","5","30","26.99","USD","","","2026-07-27","BWA","saily-BWA-Standard-5-30-26.99","Select 5 GB - 30 days for 26.99 USD.","","26.99","visible_text"
"saily","Botswana","BW","Botswana","https://saily.com/esim-botswana/","Standard","10","30","43.99","USD","","","2026-07-27","BWA","saily-BWA-Standard-10-30-43.99","Select 10 GB - 30 days for 43.99 USD.","","43.99","visible_text"
"saily","Brazil","BR","Brazil","https://saily.com/esim-brazil/","Standard","1","7","3.99","USD","","","2026-07-27","BRA","saily-BRA-Standard-1-7-3.99","Select 1 GB - 7 days for 3.99 USD.","","3.99","visible_text"
"saily","Brazil","BR","Brazil","https://saily.com/esim-brazil/","Standard","3","30","9.99","USD","","","2026-07-27","BRA","saily-BRA-Standard-3-30-9.99","Select 3 GB - 30 days for 9.99 USD.","","9.99","visible_text"
"saily","Brazil","BR","Brazil","https://saily.com/esim-brazil/","Standard","5","30","13.99","USD","","","2026-07-27","BRA","saily-BRA-Standard-5-30-13.99","Select 5 GB - 30 days for 13.99 USD.","","13.99","visible_text"
"saily","Brazil","BR","Brazil","https://saily.com/esim-brazil/","Standard","10","30","24.99","USD","","","2026-07-27","BRA","saily-BRA-Standard-10-30-24.99","Select 10 GB - 30 days for 24.99 USD.","","24.99","visible_text"
"saily","Brazil","BR","Brazil","https://saily.com/esim-brazil/","Standard","20","30","39.99","USD","","","2026-07-27","BRA","saily-BRA-Standard-20-30-39.99","Select 20 GB - 30 days for 39.99 USD.","","39.99","visible_text"
"saily","Brazil","BR","Brazil","https://saily.com/esim-brazil/","Unlimited","Unlimited","5","21.99","USD","","","2026-07-27","BRA","b641550a-020d-41fb-9fc7-d3e1f006a646","Select Unlimited - 5 days for 21.99 USD.","","21.99","offer_schema"
"saily","Brazil","BR","Brazil","https://saily.com/esim-brazil/","Unlimited","Unlimited","7","26.99","USD","","","2026-07-27","BRA","c2a3e1b9-776c-4c30-80bd-9d6693ab2f1f","Select Unlimited - 7 days for 26.99 USD.","","26.99","offer_schema"
"saily","Brazil","BR","Brazil","https://saily.com/esim-brazil/","Unlimited","Unlimited","10","36.99","USD","","","2026-07-27","BRA","adf59677-0900-4be1-9b4e-d432dd647f0e","Select Unlimited - 10 days for 36.99 USD.","","36.99","offer_schema"
"saily","Brazil","BR","Brazil","https://saily.com/esim-brazil/","Unlimited","Unlimited","15","48.99","USD","","","2026-07-27","BRA","7875e140-3a1b-4d9a-937f-f56545241be2","Select Unlimited - 15 days for 48.99 USD.","","48.99","offer_schema"
"saily","Brazil","BR","Brazil","https://saily.com/esim-brazil/","Unlimited","Unlimited","20","59.99","USD","","","2026-07-27","BRA","70697bfd-ff7e-450e-9e55-c20aa5f96604","Select Unlimited - 20 days for 59.99 USD.","","59.99","offer_schema"
"saily","Brazil","BR","Brazil","https://saily.com/esim-brazil/","Unlimited","Unlimited","25","74.99","USD","","","2026-07-27","BRA","84cfce99-f29a-40c9-ae5c-5d9842ef423b","Select Unlimited - 25 days for 74.99 USD.","","74.99","offer_schema"
"saily","Brazil","BR","Brazil","https://saily.com/esim-brazil/","Unlimited","Unlimited","30","89.99","USD","","","2026-07-27","BRA","58ec81e7-d3fe-484f-ad2b-db42058afb62","Select Unlimited - 30 days for 89.99 USD.","","89.99","offer_schema"
"saily","British Virgin Islands","VG","British Virgin Islands","https://saily.com/esim-british-virgin-islands/","Standard","1","7","8.99","USD","","","2026-07-27","VGB","saily-VGB-Standard-1-7-8.99","Select 1 GB - 7 days for 8.99 USD.","","8.99","visible_text"
"saily","British Virgin Islands","VG","British Virgin Islands","https://saily.com/esim-british-virgin-islands/","Standard","3","30","22.99","USD","","","2026-07-27","VGB","saily-VGB-Standard-3-30-22.99","Select 3 GB - 30 days for 22.99 USD.","","22.99","visible_text"
"saily","British Virgin Islands","VG","British Virgin Islands","https://saily.com/esim-british-virgin-islands/","Standard","5","30","29.99","USD","","","2026-07-27","VGB","saily-VGB-Standard-5-30-29.99","Select 5 GB - 30 days for 29.99 USD.","","29.99","visible_text"
"saily","Bulgaria","BG","Bulgaria","https://saily.com/esim-bulgaria/","Standard","1","7","1.99","USD","","","2026-07-27","BGR","saily-BGR-Standard-1-7-1.99","Select 1 GB - 7 days for 1.99 USD.","","1.99","visible_text"
"saily","Bulgaria","BG","Bulgaria","https://saily.com/esim-bulgaria/","Standard","3","30","4.99","USD","","","2026-07-27","BGR","saily-BGR-Standard-3-30-4.99","Select 3 GB - 30 days for 4.99 USD.","","4.99","visible_text"
"saily","Bulgaria","BG","Bulgaria","https://saily.com/esim-bulgaria/","Standard","5","30","6.99","USD","","","2026-07-27","BGR","saily-BGR-Standard-5-30-6.99","Select 5 GB - 30 days for 6.99 USD.","","6.99","visible_text"
"saily","Bulgaria","BG","Bulgaria","https://saily.com/esim-bulgaria/","Standard","10","30","11.99","USD","","","2026-07-27","BGR","saily-BGR-Standard-10-30-11.99","Select 10 GB - 30 days for 11.99 USD.","","11.99","visible_text"
"saily","Bulgaria","BG","Bulgaria","https://saily.com/esim-bulgaria/","Standard","20","30","19.99","USD","","","2026-07-27","BGR","saily-BGR-Standard-20-30-19.99","Select 20 GB - 30 days for 19.99 USD.","","19.99","visible_text"
"saily","Bulgaria","BG","Bulgaria","https://saily.com/esim-bulgaria/","Unlimited","Unlimited","3","11.49","USD","","","2026-07-27","BGR","0d3eb004-ae57-48ed-853a-ac16625c5990","Select Unlimited - 3 days for 11.49 USD.","","11.49","offer_schema"
"saily","Bulgaria","BG","Bulgaria","https://saily.com/esim-bulgaria/","Unlimited","Unlimited","5","18.99","USD","","","2026-07-27","BGR","ee80ae1e-677e-4615-8816-8f9ac184b676","Select Unlimited - 5 days for 18.99 USD.","","18.99","offer_schema"
"saily","Bulgaria","BG","Bulgaria","https://saily.com/esim-bulgaria/","Unlimited","Unlimited","7","26.99","USD","","","2026-07-27","BGR","d60b20a0-9fd8-492b-870f-6946047fa89b","Select Unlimited - 7 days for 26.99 USD.","","26.99","offer_schema"
"saily","Bulgaria","BG","Bulgaria","https://saily.com/esim-bulgaria/","Unlimited","Unlimited","10","34.99","USD","","","2026-07-27","BGR","58394cb0-3dc5-4b84-aeb2-0647f1cfde0f","Select Unlimited - 10 days for 34.99 USD.","","34.99","offer_schema"
"saily","Bulgaria","BG","Bulgaria","https://saily.com/esim-bulgaria/","Unlimited","Unlimited","15","48.99","USD","","","2026-07-27","BGR","6a1928a6-c88e-4fd4-a76f-da32c85d55df","Select Unlimited - 15 days for 48.99 USD.","","48.99","offer_schema"
"saily","Bulgaria","BG","Bulgaria","https://saily.com/esim-bulgaria/","Unlimited","Unlimited","20","59.99","USD","","","2026-07-27","BGR","f30a31b0-ecad-460c-bd8c-5c569a218eeb","Select Unlimited - 20 days for 59.99 USD.","","59.99","offer_schema"
"saily","Bulgaria","BG","Bulgaria","https://saily.com/esim-bulgaria/","Unlimited","Unlimited","25","65.99","USD","","","2026-07-27","BGR","4f2f29fc-636b-4e85-9571-8dada057d971","Select Unlimited - 25 days for 65.99 USD.","","65.99","offer_schema"
"saily","Bulgaria","BG","Bulgaria","https://saily.com/esim-bulgaria/","Unlimited","Unlimited","30","71.99","USD","","","2026-07-27","BGR","bcabec6a-a931-41bf-9331-2b2023581dda","Select Unlimited - 30 days for 71.99 USD.","","71.99","offer_schema"
"saily","Cambodia","KH","Cambodia","https://saily.com/esim-cambodia/","Standard","1","7","5.99","USD","","","2026-07-27","KHM","saily-KHM-Standard-1-7-5.99","Select 1 GB - 7 days for 5.99 USD.","","5.99","visible_text"
"saily","Cambodia","KH","Cambodia","https://saily.com/esim-cambodia/","Standard","3","30","10.99","USD","","","2026-07-27","KHM","saily-KHM-Standard-3-30-10.99","Select 3 GB - 30 days for 10.99 USD.","","10.99","visible_text"
"saily","Cambodia","KH","Cambodia","https://saily.com/esim-cambodia/","Standard","5","30","14.99","USD","","","2026-07-27","KHM","saily-KHM-Standard-5-30-14.99","Select 5 GB - 30 days for 14.99 USD.","","14.99","visible_text"
"saily","Cambodia","KH","Cambodia","https://saily.com/esim-cambodia/","Standard","10","30","23.99","USD","","","2026-07-27","KHM","saily-KHM-Standard-10-30-23.99","Select 10 GB - 30 days for 23.99 USD.","","23.99","visible_text"
"saily","Canada","CA","Canada","https://saily.com/esim-canada/","Standard","1","7","5.29","USD","","","2026-07-27","CAN","saily-CAN-Standard-1-7-5.29","Select 1 GB - 7 days for 5.29 USD.","","5.29","visible_text"
"saily","Canada","CA","Canada","https://saily.com/esim-canada/","Standard","3","30","12.99","USD","","","2026-07-27","CAN","saily-CAN-Standard-3-30-12.99","Select 3 GB - 30 days for 12.99 USD.","","12.99","visible_text"
"saily","Canada","CA","Canada","https://saily.com/esim-canada/","Standard","5","30","17.99","USD","","","2026-07-27","CAN","saily-CAN-Standard-5-30-17.99","Select 5 GB - 30 days for 17.99 USD.","","17.99","visible_text"
"saily","Canada","CA","Canada","https://saily.com/esim-canada/","Standard","10","30","30.99","USD","","","2026-07-27","CAN","saily-CAN-Standard-10-30-30.99","Select 10 GB - 30 days for 30.99 USD.","","30.99","visible_text"
"saily","Canada","CA","Canada","https://saily.com/esim-canada/","Standard","20","30","43.99","USD","","","2026-07-27","CAN","saily-CAN-Standard-20-30-43.99","Select 20 GB - 30 days for 43.99 USD.","","43.99","visible_text"
"saily","Canada","CA","Canada","https://saily.com/esim-canada/","Unlimited","Unlimited","5","19.99","USD","","","2026-07-27","CAN","d40289d0-c1fa-482b-8d73-c10f43f9e0e2","Select Unlimited - 5 days for 19.99 USD.","","19.99","offer_schema"
"saily","Canada","CA","Canada","https://saily.com/esim-canada/","Unlimited","Unlimited","7","28.99","USD","","","2026-07-27","CAN","6357a02e-6640-4550-86db-346f78526d94","Select Unlimited - 7 days for 28.99 USD.","","28.99","offer_schema"
"saily","Canada","CA","Canada","https://saily.com/esim-canada/","Unlimited","Unlimited","10","34.99","USD","","","2026-07-27","CAN","eab1553c-b952-44b1-b753-64fd11040dca","Select Unlimited - 10 days for 34.99 USD.","","34.99","offer_schema"
"saily","Canada","CA","Canada","https://saily.com/esim-canada/","Unlimited","Unlimited","15","48.99","USD","","","2026-07-27","CAN","8ee3e061-6ef7-4a59-9afe-435a6a2483cf","Select Unlimited - 15 days for 48.99 USD.","","48.99","offer_schema"
"saily","Canada","CA","Canada","https://saily.com/esim-canada/","Unlimited","Unlimited","20","59.99","USD","","","2026-07-27","CAN","3f67750a-2c51-401f-85ae-ede425e32677","Select Unlimited - 20 days for 59.99 USD.","","59.99","offer_schema"
"saily","Canada","CA","Canada","https://saily.com/esim-canada/","Unlimited","Unlimited","25","74.99","USD","","","2026-07-27","CAN","3a5bf616-8fb7-4707-aa8f-5701a7ca5ea8","Select Unlimited - 25 days for 74.99 USD.","","74.99","offer_schema"
"saily","Canada","CA","Canada","https://saily.com/esim-canada/","Unlimited","Unlimited","30","89.99","USD","","","2026-07-27","CAN","0d919319-5280-4542-aa9a-745bf5989b5b","Select Unlimited - 30 days for 89.99 USD.","","89.99","offer_schema"
"saily","Cape Verde","CV","Cape Verde","https://saily.com/esim-cape-verde/","Standard","1","7","9.99","USD","","","2026-07-27","CPV","saily-CPV-Standard-1-7-9.99","Select 1 GB - 7 days for 9.99 USD.","","9.99","visible_text"
"saily","Cape Verde","CV","Cape Verde","https://saily.com/esim-cape-verde/","Standard","3","30","28.99","USD","","","2026-07-27","CPV","saily-CPV-Standard-3-30-28.99","Select 3 GB - 30 days for 28.99 USD.","","28.99","visible_text"
"saily","Cape Verde","CV","Cape Verde","https://saily.com/esim-cape-verde/","Standard","5","30","42.99","USD","","","2026-07-27","CPV","saily-CPV-Standard-5-30-42.99","Select 5 GB - 30 days for 42.99 USD.","","42.99","visible_text"
"saily","Cayman Islands","KY","Cayman Islands","https://saily.com/esim-cayman-islands/","Standard","1","7","8.99","USD","","","2026-07-27","CYM","saily-CYM-Standard-1-7-8.99","Select 1 GB - 7 days for 8.99 USD.","","8.99","visible_text"
"saily","Cayman Islands","KY","Cayman Islands","https://saily.com/esim-cayman-islands/","Standard","3","30","22.99","USD","","","2026-07-27","CYM","saily-CYM-Standard-3-30-22.99","Select 3 GB - 30 days for 22.99 USD.","","22.99","visible_text"
"saily","Cayman Islands","KY","Cayman Islands","https://saily.com/esim-cayman-islands/","Standard","5","30","29.99","USD","","","2026-07-27","CYM","saily-CYM-Standard-5-30-29.99","Select 5 GB - 30 days for 29.99 USD.","","29.99","visible_text"
"saily","Chad","TD","Chad","https://saily.com/esim-chad/","Standard","1","7","6.29","USD","","","2026-07-27","TCD","saily-TCD-Standard-1-7-6.29","Select 1 GB - 7 days for 6.29 USD.","","6.29","visible_text"
"saily","Chad","TD","Chad","https://saily.com/esim-chad/","Standard","3","30","14.99","USD","","","2026-07-27","TCD","saily-TCD-Standard-3-30-14.99","Select 3 GB - 30 days for 14.99 USD.","","14.99","visible_text"
"saily","Chad","TD","Chad","https://saily.com/esim-chad/","Standard","5","30","24.99","USD","","","2026-07-27","TCD","saily-TCD-Standard-5-30-24.99","Select 5 GB - 30 days for 24.99 USD.","","24.99","visible_text"
"saily","Chad","TD","Chad","https://saily.com/esim-chad/","Standard","10","30","39.99","USD","","","2026-07-27","TCD","saily-TCD-Standard-10-30-39.99","Select 10 GB - 30 days for 39.99 USD.","","39.99","visible_text"
"saily","Chile","CL","Chile","https://saily.com/esim-chile/","Standard","1","7","4.99","USD","","","2026-07-27","CHL","saily-CHL-Standard-1-7-4.99","Select 1 GB - 7 days for 4.99 USD.","","4.99","visible_text"
"saily","Chile","CL","Chile","https://saily.com/esim-chile/","Standard","3","30","11.99","USD","","","2026-07-27","CHL","saily-CHL-Standard-3-30-11.99","Select 3 GB - 30 days for 11.99 USD.","","11.99","visible_text"
"saily","Chile","CL","Chile","https://saily.com/esim-chile/","Standard","5","30","17.99","USD","","","2026-07-27","CHL","saily-CHL-Standard-5-30-17.99","Select 5 GB - 30 days for 17.99 USD.","","17.99","visible_text"
"saily","Chile","CL","Chile","https://saily.com/esim-chile/","Standard","10","30","27.99","USD","","","2026-07-27","CHL","saily-CHL-Standard-10-30-27.99","Select 10 GB - 30 days for 27.99 USD.","","27.99","visible_text"
"saily","Chile","CL","Chile","https://saily.com/esim-chile/","Standard","20","30","48.99","USD","","","2026-07-27","CHL","saily-CHL-Standard-20-30-48.99","Select 20 GB - 30 days for 48.99 USD.","","48.99","visible_text"
"saily","China","CN","China","https://saily.com/esim-china/","Standard","1","7","4.49","USD","","","2026-07-27","CHN","saily-CHN-Standard-1-7-4.49","Select 1 GB - 7 days for 4.49 USD.","","4.49","visible_text"
"saily","China","CN","China","https://saily.com/esim-china/","Standard","3","30","10.99","USD","","","2026-07-27","CHN","saily-CHN-Standard-3-30-10.99","Select 3 GB - 30 days for 10.99 USD.","","10.99","visible_text"
"saily","China","CN","China","https://saily.com/esim-china/","Standard","5","30","15.99","USD","","","2026-07-27","CHN","saily-CHN-Standard-5-30-15.99","Select 5 GB - 30 days for 15.99 USD.","","15.99","visible_text"
"saily","China","CN","China","https://saily.com/esim-china/","Standard","10","30","26.99","USD","","","2026-07-27","CHN","saily-CHN-Standard-10-30-26.99","Select 10 GB - 30 days for 26.99 USD.","","26.99","visible_text"
"saily","China","CN","China","https://saily.com/esim-china/","Standard","20","30","39.99","USD","","","2026-07-27","CHN","saily-CHN-Standard-20-30-39.99","Select 20 GB - 30 days for 39.99 USD.","","39.99","visible_text"
"saily","China","CN","China","https://saily.com/esim-china/","Unlimited","Unlimited","5","22.99","USD","","","2026-07-27","CHN","fdbc5126-b87d-4160-8833-927e4c3db9bb","Select Unlimited - 5 days for 22.99 USD.","","22.99","offer_schema"
"saily","China","CN","China","https://saily.com/esim-china/","Unlimited","Unlimited","7","29.99","USD","","","2026-07-27","CHN","817b8bea-07da-4e89-9d7e-b7a64078dbee","Select Unlimited - 7 days for 29.99 USD.","","29.99","offer_schema"
"saily","China","CN","China","https://saily.com/esim-china/","Unlimited","Unlimited","10","35.99","USD","","","2026-07-27","CHN","c9ebd782-0115-4d4c-98eb-205984432cdd","Select Unlimited - 10 days for 35.99 USD.","","35.99","offer_schema"
"saily","China","CN","China","https://saily.com/esim-china/","Unlimited","Unlimited","15","49.99","USD","","","2026-07-27","CHN","422fbea1-bea8-4fcd-92c2-4fe3179ec12d","Select Unlimited - 15 days for 49.99 USD.","","49.99","offer_schema"
"saily","China","CN","China","https://saily.com/esim-china/","Unlimited","Unlimited","20","60.99","USD","","","2026-07-27","CHN","1561e365-b099-45ba-b2cd-1c971099a16d","Select Unlimited - 20 days for 60.99 USD.","","60.99","offer_schema"
"saily","China","CN","China","https://saily.com/esim-china/","Unlimited","Unlimited","25","66.99","USD","","","2026-07-27","CHN","56fb10e2-d0b8-461d-8590-55d1f3c8ffa8","Select Unlimited - 25 days for 66.99 USD.","","66.99","offer_schema"
"saily","China","CN","China","https://saily.com/esim-china/","Unlimited","Unlimited","30","72.99","USD","","","2026-07-27","CHN","6d904941-39aa-4bc9-812d-4a52f177f4f8","Select Unlimited - 30 days for 72.99 USD.","","72.99","offer_schema"
"saily","Colombia","CO","Colombia","https://saily.com/esim-colombia/","Standard","1","7","4.99","USD","","","2026-07-27","COL","saily-COL-Standard-1-7-4.99","Select 1 GB - 7 days for 4.99 USD.","","4.99","visible_text"
"saily","Colombia","CO","Colombia","https://saily.com/esim-colombia/","Standard","3","30","12.99","USD","","","2026-07-27","COL","saily-COL-Standard-3-30-12.99","Select 3 GB - 30 days for 12.99 USD.","","12.99","visible_text"
"saily","Colombia","CO","Colombia","https://saily.com/esim-colombia/","Standard","5","30","16.99","USD","","","2026-07-27","COL","saily-COL-Standard-5-30-16.99","Select 5 GB - 30 days for 16.99 USD.","","16.99","visible_text"
"saily","Colombia","CO","Colombia","https://saily.com/esim-colombia/","Standard","10","30","29.99","USD","","","2026-07-27","COL","saily-COL-Standard-10-30-29.99","Select 10 GB - 30 days for 29.99 USD.","","29.99","visible_text"
"saily","Colombia","CO","Colombia","https://saily.com/esim-colombia/","Standard","20","30","40.99","USD","","","2026-07-27","COL","saily-COL-Standard-20-30-40.99","Select 20 GB - 30 days for 40.99 USD.","","40.99","visible_text"
"saily","Costa Rica","CR","Costa Rica","https://saily.com/esim-costa-rica/","Standard","1","7","7.99","USD","","","2026-07-27","CRI","saily-CRI-Standard-1-7-7.99","Select 1 GB - 7 days for 7.99 USD.","","7.99","visible_text"
"saily","Costa Rica","CR","Costa Rica","https://saily.com/esim-costa-rica/","Standard","3","30","18.99","USD","","","2026-07-27","CRI","saily-CRI-Standard-3-30-18.99","Select 3 GB - 30 days for 18.99 USD.","","18.99","visible_text"
"saily","Costa Rica","CR","Costa Rica","https://saily.com/esim-costa-rica/","Standard","5","30","26.99","USD","","","2026-07-27","CRI","saily-CRI-Standard-5-30-26.99","Select 5 GB - 30 days for 26.99 USD.","","26.99","visible_text"
"saily","Costa Rica","CR","Costa Rica","https://saily.com/esim-costa-rica/","Standard","10","30","36.99","USD","","","2026-07-27","CRI","saily-CRI-Standard-10-30-36.99","Select 10 GB - 30 days for 36.99 USD.","","36.99","visible_text"
"saily","Costa Rica","CR","Costa Rica","https://saily.com/esim-costa-rica/","Standard","20","30","47.99","USD","","","2026-07-27","CRI","saily-CRI-Standard-20-30-47.99","Select 20 GB - 30 days for 47.99 USD.","","47.99","visible_text"
"saily","Croatia","HR","Croatia","https://saily.com/esim-croatia/","Standard","1","7","3.99","USD","","","2026-07-27","HRV","saily-HRV-Standard-1-7-3.99","Select 1 GB - 7 days for 3.99 USD.","","3.99","visible_text"
"saily","Croatia","HR","Croatia","https://saily.com/esim-croatia/","Standard","3","30","7.99","USD","","","2026-07-27","HRV","saily-HRV-Standard-3-30-7.99","Select 3 GB - 30 days for 7.99 USD.","","7.99","visible_text"
"saily","Croatia","HR","Croatia","https://saily.com/esim-croatia/","Standard","5","30","10.99","USD","","","2026-07-27","HRV","saily-HRV-Standard-5-30-10.99","Select 5 GB - 30 days for 10.99 USD.","","10.99","visible_text"
"saily","Croatia","HR","Croatia","https://saily.com/esim-croatia/","Standard","10","30","17.99","USD","","","2026-07-27","HRV","saily-HRV-Standard-10-30-17.99","Select 10 GB - 30 days for 17.99 USD.","","17.99","visible_text"
"saily","Croatia","HR","Croatia","https://saily.com/esim-croatia/","Standard","20","30","27.99","USD","","","2026-07-27","HRV","saily-HRV-Standard-20-30-27.99","Select 20 GB - 30 days for 27.99 USD.","","27.99","visible_text"
"saily","Croatia","HR","Croatia","https://saily.com/esim-croatia/","Unlimited","Unlimited","5","18.99","USD","","","2026-07-27","HRV","920efeef-5e68-42bd-9afa-57e2c53d81ab","Select Unlimited - 5 days for 18.99 USD.","","18.99","offer_schema"
"saily","Croatia","HR","Croatia","https://saily.com/esim-croatia/","Unlimited","Unlimited","7","24.99","USD","","","2026-07-27","HRV","ca193a76-fd98-48c2-a2a4-fdb0507b8b99","Select Unlimited - 7 days for 24.99 USD.","","24.99","offer_schema"
"saily","Croatia","HR","Croatia","https://saily.com/esim-croatia/","Unlimited","Unlimited","10","28.99","USD","","","2026-07-27","HRV","fad026a0-5812-4bd7-b07a-3b1446536182","Select Unlimited - 10 days for 28.99 USD.","","28.99","offer_schema"
"saily","Croatia","HR","Croatia","https://saily.com/esim-croatia/","Unlimited","Unlimited","15","38.99","USD","","","2026-07-27","HRV","0db6119e-b67a-4c1a-9a1c-33c2c5aa0c8a","Select Unlimited - 15 days for 38.99 USD.","","38.99","offer_schema"
"saily","Croatia","HR","Croatia","https://saily.com/esim-croatia/","Unlimited","Unlimited","20","49.99","USD","","","2026-07-27","HRV","7acca684-ec3a-4ef4-8799-133e95d4a20d","Select Unlimited - 20 days for 49.99 USD.","","49.99","offer_schema"
"saily","Croatia","HR","Croatia","https://saily.com/esim-croatia/","Unlimited","Unlimited","25","55.99","USD","","","2026-07-27","HRV","e01e9f2c-0557-4606-a204-8cd468c384f4","Select Unlimited - 25 days for 55.99 USD.","","55.99","offer_schema"
"saily","Croatia","HR","Croatia","https://saily.com/esim-croatia/","Unlimited","Unlimited","30","58.99","USD","","","2026-07-27","HRV","c3088da2-9d60-4ba8-aa0e-35903eb0eb00","Select Unlimited - 30 days for 58.99 USD.","","58.99","offer_schema"
"saily","Cyprus","CY","Cyprus","https://saily.com/esim-cyprus/","Standard","1","7","3.99","USD","","","2026-07-27","CYP","saily-CYP-Standard-1-7-3.99","Select 1 GB - 7 days for 3.99 USD.","","3.99","visible_text"
"saily","Cyprus","CY","Cyprus","https://saily.com/esim-cyprus/","Standard","3","30","7.99","USD","","","2026-07-27","CYP","saily-CYP-Standard-3-30-7.99","Select 3 GB - 30 days for 7.99 USD.","","7.99","visible_text"
"saily","Cyprus","CY","Cyprus","https://saily.com/esim-cyprus/","Standard","5","30","9.99","USD","","","2026-07-27","CYP","saily-CYP-Standard-5-30-9.99","Select 5 GB - 30 days for 9.99 USD.","","9.99","visible_text"
"saily","Cyprus","CY","Cyprus","https://saily.com/esim-cyprus/","Standard","10","30","16.99","USD","","","2026-07-27","CYP","saily-CYP-Standard-10-30-16.99","Select 10 GB - 30 days for 16.99 USD.","","16.99","visible_text"
"saily","Cyprus","CY","Cyprus","https://saily.com/esim-cyprus/","Standard","20","30","24.99","USD","","","2026-07-27","CYP","saily-CYP-Standard-20-30-24.99","Select 20 GB - 30 days for 24.99 USD.","","24.99","visible_text"
"saily","Cyprus","CY","Cyprus","https://saily.com/esim-cyprus/","Unlimited","Unlimited","5","18.99","USD","","","2026-07-27","CYP","25a2a5ef-8673-4698-9720-ba9954d2e56f","Select Unlimited - 5 days for 18.99 USD.","","18.99","offer_schema"
"saily","Cyprus","CY","Cyprus","https://saily.com/esim-cyprus/","Unlimited","Unlimited","7","26.99","USD","","","2026-07-27","CYP","7d3fd1cf-4645-4ad3-9cb8-4887709a8cb1","Select Unlimited - 7 days for 26.99 USD.","","26.99","offer_schema"
"saily","Cyprus","CY","Cyprus","https://saily.com/esim-cyprus/","Unlimited","Unlimited","10","34.99","USD","","","2026-07-27","CYP","3ef537d9-48ff-464b-a32f-a8c7d38dfae2","Select Unlimited - 10 days for 34.99 USD.","","34.99","offer_schema"
"saily","Cyprus","CY","Cyprus","https://saily.com/esim-cyprus/","Unlimited","Unlimited","15","48.99","USD","","","2026-07-27","CYP","e51c9822-bbb8-4e48-8a40-1277b130ccde","Select Unlimited - 15 days for 48.99 USD.","","48.99","offer_schema"
"saily","Cyprus","CY","Cyprus","https://saily.com/esim-cyprus/","Unlimited","Unlimited","20","56.99","USD","","","2026-07-27","CYP","e9624d66-a070-45a7-b531-0d9e3a04adb5","Select Unlimited - 20 days for 56.99 USD.","","56.99","offer_schema"
"saily","Cyprus","CY","Cyprus","https://saily.com/esim-cyprus/","Unlimited","Unlimited","25","62.99","USD","","","2026-07-27","CYP","17afcb98-d017-4630-8ee7-7c31eff847d9","Select Unlimited - 25 days for 62.99 USD.","","62.99","offer_schema"
"saily","Cyprus","CY","Cyprus","https://saily.com/esim-cyprus/","Unlimited","Unlimited","30","68.99","USD","","","2026-07-27","CYP","dda2fbfa-76a7-4bd3-8868-0c5cfd83b309","Select Unlimited - 30 days for 68.99 USD.","","68.99","offer_schema"
"saily","Czech Republic","CZ","Czech Republic","https://saily.com/esim-czech-republic/","Standard","1","7","1.99","USD","","","2026-07-27","CZE","saily-CZE-Standard-1-7-1.99","Select 1 GB - 7 days for 1.99 USD.","","1.99","visible_text"
"saily","Czech Republic","CZ","Czech Republic","https://saily.com/esim-czech-republic/","Standard","3","30","4.99","USD","","","2026-07-27","CZE","saily-CZE-Standard-3-30-4.99","Select 3 GB - 30 days for 4.99 USD.","","4.99","visible_text"
"saily","Czech Republic","CZ","Czech Republic","https://saily.com/esim-czech-republic/","Standard","5","30","7.99","USD","","","2026-07-27","CZE","saily-CZE-Standard-5-30-7.99","Select 5 GB - 30 days for 7.99 USD.","","7.99","visible_text"
"saily","Czech Republic","CZ","Czech Republic","https://saily.com/esim-czech-republic/","Standard","10","30","14.99","USD","","","2026-07-27","CZE","saily-CZE-Standard-10-30-14.99","Select 10 GB - 30 days for 14.99 USD.","","14.99","visible_text"
"saily","Czech Republic","CZ","Czech Republic","https://saily.com/esim-czech-republic/","Standard","20","30","23.99","USD","","","2026-07-27","CZE","saily-CZE-Standard-20-30-23.99","Select 20 GB - 30 days for 23.99 USD.","","23.99","visible_text"
"saily","Czech Republic","CZ","Czech Republic","https://saily.com/esim-czech-republic/","Unlimited","Unlimited","5","18.99","USD","","","2026-07-27","CZE","ac1ab2a0-35f3-4c81-9c52-c05880f89f3e","Select Unlimited - 5 days for 18.99 USD.","","18.99","offer_schema"
"saily","Czech Republic","CZ","Czech Republic","https://saily.com/esim-czech-republic/","Unlimited","Unlimited","7","26.99","USD","","","2026-07-27","CZE","c78800b7-dd60-48b4-99ca-57ca222ffb60","Select Unlimited - 7 days for 26.99 USD.","","26.99","offer_schema"
"saily","Czech Republic","CZ","Czech Republic","https://saily.com/esim-czech-republic/","Unlimited","Unlimited","10","34.99","USD","","","2026-07-27","CZE","ed2811a7-b222-4d99-8491-a441eb5a33c9","Select Unlimited - 10 days for 34.99 USD.","","34.99","offer_schema"
"saily","Czech Republic","CZ","Czech Republic","https://saily.com/esim-czech-republic/","Unlimited","Unlimited","15","48.99","USD","","","2026-07-27","CZE","412391fd-4925-4acb-ad9c-542fb5298466","Select Unlimited - 15 days for 48.99 USD.","","48.99","offer_schema"
"saily","Czech Republic","CZ","Czech Republic","https://saily.com/esim-czech-republic/","Unlimited","Unlimited","20","59.99","USD","","","2026-07-27","CZE","ebc21e00-f4b2-4da1-914b-019b9bfe3db6","Select Unlimited - 20 days for 59.99 USD.","","59.99","offer_schema"
"saily","Czech Republic","CZ","Czech Republic","https://saily.com/esim-czech-republic/","Unlimited","Unlimited","25","65.99","USD","","","2026-07-27","CZE","c0aa3d45-65ad-4ffd-a417-4011118ee512","Select Unlimited - 25 days for 65.99 USD.","","65.99","offer_schema"
"saily","Czech Republic","CZ","Czech Republic","https://saily.com/esim-czech-republic/","Unlimited","Unlimited","30","71.99","USD","","","2026-07-27","CZE","fbb72fe7-b94d-421b-b989-734627ebae96","Select Unlimited - 30 days for 71.99 USD.","","71.99","offer_schema"
"saily","Denmark","DK","Denmark","https://saily.com/esim-denmark/","Standard","1","7","3.99","USD","","","2026-07-27","DNK","saily-DNK-Standard-1-7-3.99","Select 1 GB - 7 days for 3.99 USD.","","3.99","visible_text"
"saily","Denmark","DK","Denmark","https://saily.com/esim-denmark/","Standard","3","30","7.99","USD","","","2026-07-27","DNK","saily-DNK-Standard-3-30-7.99","Select 3 GB - 30 days for 7.99 USD.","","7.99","visible_text"
"saily","Denmark","DK","Denmark","https://saily.com/esim-denmark/","Standard","5","30","10.99","USD","","","2026-07-27","DNK","saily-DNK-Standard-5-30-10.99","Select 5 GB - 30 days for 10.99 USD.","","10.99","visible_text"
"saily","Denmark","DK","Denmark","https://saily.com/esim-denmark/","Standard","10","30","17.99","USD","","","2026-07-27","DNK","saily-DNK-Standard-10-30-17.99","Select 10 GB - 30 days for 17.99 USD.","","17.99","visible_text"
"saily","Denmark","DK","Denmark","https://saily.com/esim-denmark/","Standard","20","30","27.99","USD","","","2026-07-27","DNK","saily-DNK-Standard-20-30-27.99","Select 20 GB - 30 days for 27.99 USD.","","27.99","visible_text"
"saily","Denmark","DK","Denmark","https://saily.com/esim-denmark/","Unlimited","Unlimited","5","18.99","USD","","","2026-07-27","DNK","76016c52-61ad-45c1-b841-79c7db99935d","Select Unlimited - 5 days for 18.99 USD.","","18.99","offer_schema"
"saily","Denmark","DK","Denmark","https://saily.com/esim-denmark/","Unlimited","Unlimited","7","26.99","USD","","","2026-07-27","DNK","24089e8c-98dd-437a-964a-b8812dd3c8e6","Select Unlimited - 7 days for 26.99 USD.","","26.99","offer_schema"
"saily","Denmark","DK","Denmark","https://saily.com/esim-denmark/","Unlimited","Unlimited","10","34.99","USD","","","2026-07-27","DNK","854d1a88-ef93-42a1-8eca-98773ffa48bf","Select Unlimited - 10 days for 34.99 USD.","","34.99","offer_schema"
"saily","Denmark","DK","Denmark","https://saily.com/esim-denmark/","Unlimited","Unlimited","15","48.99","USD","","","2026-07-27","DNK","7514c1b8-6a75-4003-9df8-cbf4a3799ab9","Select Unlimited - 15 days for 48.99 USD.","","48.99","offer_schema"
"saily","Denmark","DK","Denmark","https://saily.com/esim-denmark/","Unlimited","Unlimited","20","59.99","USD","","","2026-07-27","DNK","b1d64194-95e2-4d36-a02d-8c31089b3870","Select Unlimited - 20 days for 59.99 USD.","","59.99","offer_schema"
"saily","Denmark","DK","Denmark","https://saily.com/esim-denmark/","Unlimited","Unlimited","25","65.99","USD","","","2026-07-27","DNK","dd76150e-5fef-4907-a641-b9aa23f8c300","Select Unlimited - 25 days for 65.99 USD.","","65.99","offer_schema"
"saily","Denmark","DK","Denmark","https://saily.com/esim-denmark/","Unlimited","Unlimited","30","71.99","USD","","","2026-07-27","DNK","b9f79a07-9d50-4da1-bca6-bd2db46ac06b","Select Unlimited - 30 days for 71.99 USD.","","71.99","offer_schema"
"saily","Ecuador","EC","Ecuador","https://saily.com/esim-ecuador/","Standard","1","7","5.99","USD","","","2026-07-27","ECU","saily-ECU-Standard-1-7-5.99","Select 1 GB - 7 days for 5.99 USD.","","5.99","visible_text"
"saily","Ecuador","EC","Ecuador","https://saily.com/esim-ecuador/","Standard","3","30","15.99","USD","","","2026-07-27","ECU","saily-ECU-Standard-3-30-15.99","Select 3 GB - 30 days for 15.99 USD.","","15.99","visible_text"
"saily","Ecuador","EC","Ecuador","https://saily.com/esim-ecuador/","Standard","5","30","24.99","USD","","","2026-07-27","ECU","saily-ECU-Standard-5-30-24.99","Select 5 GB - 30 days for 24.99 USD.","","24.99","visible_text"
"saily","Ecuador","EC","Ecuador","https://saily.com/esim-ecuador/","Standard","10","30","34.99","USD","","","2026-07-27","ECU","saily-ECU-Standard-10-30-34.99","Select 10 GB - 30 days for 34.99 USD.","","34.99","visible_text"
"saily","Egypt","EG","Egypt","https://saily.com/esim-egypt/","Standard","1","7","8.99","USD","","","2026-07-27","EGY","saily-EGY-Standard-1-7-8.99","Select 1 GB - 7 days for 8.99 USD.","","8.99","visible_text"
"saily","Egypt","EG","Egypt","https://saily.com/esim-egypt/","Standard","3","30","14.99","USD","","","2026-07-27","EGY","saily-EGY-Standard-3-30-14.99","Select 3 GB - 30 days for 14.99 USD.","","14.99","visible_text"
"saily","Egypt","EG","Egypt","https://saily.com/esim-egypt/","Standard","5","30","19.99","USD","","","2026-07-27","EGY","saily-EGY-Standard-5-30-19.99","Select 5 GB - 30 days for 19.99 USD.","","19.99","visible_text"
"saily","Egypt","EG","Egypt","https://saily.com/esim-egypt/","Standard","10","30","33.99","USD","","","2026-07-27","EGY","saily-EGY-Standard-10-30-33.99","Select 10 GB - 30 days for 33.99 USD.","","33.99","visible_text"
"saily","Egypt","EG","Egypt","https://saily.com/esim-egypt/","Standard","20","30","42.99","USD","","","2026-07-27","EGY","saily-EGY-Standard-20-30-42.99","Select 20 GB - 30 days for 42.99 USD.","","42.99","visible_text"
"saily","Egypt","EG","Egypt","https://saily.com/esim-egypt/","Unlimited","Unlimited","10","35.99","USD","","","2026-07-27","EGY","938572c2-23fa-4079-ad9e-0a5dadc2645a","Select Unlimited - 10 days for 35.99 USD.","","35.99","offer_schema"
"saily","Egypt","EG","Egypt","https://saily.com/esim-egypt/","Unlimited","Unlimited","15","48.99","USD","","","2026-07-27","EGY","f210a605-75c8-4ccd-9ea3-c476d68b3777","Select Unlimited - 15 days for 48.99 USD.","","48.99","offer_schema"
"saily","Egypt","EG","Egypt","https://saily.com/esim-egypt/","Unlimited","Unlimited","20","59.99","USD","","","2026-07-27","EGY","f3aac79b-9ee0-4aa2-9241-6a03656903d2","Select Unlimited - 20 days for 59.99 USD.","","59.99","offer_schema"
"saily","Egypt","EG","Egypt","https://saily.com/esim-egypt/","Unlimited","Unlimited","25","74.99","USD","","","2026-07-27","EGY","f7f3a7c4-6cd5-4a4b-b2a4-59be8cf043ec","Select Unlimited - 25 days for 74.99 USD.","","74.99","offer_schema"
"saily","Egypt","EG","Egypt","https://saily.com/esim-egypt/","Unlimited","Unlimited","30","89.99","USD","","","2026-07-27","EGY","ba42225c-1265-4977-abdf-74e5c46df5bd","Select Unlimited - 30 days for 89.99 USD.","","89.99","offer_schema"
"saily","El Salvador","SV","El Salvador","https://saily.com/esim-el-salvador/","Standard","1","7","5.99","USD","","","2026-07-27","SLV","saily-SLV-Standard-1-7-5.99","Select 1 GB - 7 days for 5.99 USD.","","5.99","visible_text"
"saily","El Salvador","SV","El Salvador","https://saily.com/esim-el-salvador/","Standard","3","30","15.99","USD","","","2026-07-27","SLV","saily-SLV-Standard-3-30-15.99","Select 3 GB - 30 days for 15.99 USD.","","15.99","visible_text"
"saily","El Salvador","SV","El Salvador","https://saily.com/esim-el-salvador/","Standard","5","30","24.99","USD","","","2026-07-27","SLV","saily-SLV-Standard-5-30-24.99","Select 5 GB - 30 days for 24.99 USD.","","24.99","visible_text"
"saily","El Salvador","SV","El Salvador","https://saily.com/esim-el-salvador/","Standard","10","30","34.99","USD","","","2026-07-27","SLV","saily-SLV-Standard-10-30-34.99","Select 10 GB - 30 days for 34.99 USD.","","34.99","visible_text"
"saily","Estonia","EE","Estonia","https://saily.com/esim-estonia/","Standard","1","7","3.99","USD","","","2026-07-27","EST","saily-EST-Standard-1-7-3.99","Select 1 GB - 7 days for 3.99 USD.","","3.99","visible_text"
"saily","Estonia","EE","Estonia","https://saily.com/esim-estonia/","Standard","3","30","7.99","USD","","","2026-07-27","EST","saily-EST-Standard-3-30-7.99","Select 3 GB - 30 days for 7.99 USD.","","7.99","visible_text"
"saily","Estonia","EE","Estonia","https://saily.com/esim-estonia/","Standard","5","30","10.99","USD","","","2026-07-27","EST","saily-EST-Standard-5-30-10.99","Select 5 GB - 30 days for 10.99 USD.","","10.99","visible_text"
"saily","Estonia","EE","Estonia","https://saily.com/esim-estonia/","Standard","10","30","17.99","USD","","","2026-07-27","EST","saily-EST-Standard-10-30-17.99","Select 10 GB - 30 days for 17.99 USD.","","17.99","visible_text"
"saily","Estonia","EE","Estonia","https://saily.com/esim-estonia/","Standard","20","30","27.99","USD","","","2026-07-27","EST","saily-EST-Standard-20-30-27.99","Select 20 GB - 30 days for 27.99 USD.","","27.99","visible_text"
"saily","Estonia","EE","Estonia","https://saily.com/esim-estonia/","Unlimited","Unlimited","5","18.99","USD","","","2026-07-27","EST","3b8dccec-6480-4250-97c6-7e6782c43b95","Select Unlimited - 5 days for 18.99 USD.","","18.99","offer_schema"
"saily","Estonia","EE","Estonia","https://saily.com/esim-estonia/","Unlimited","Unlimited","7","26.99","USD","","","2026-07-27","EST","50fb5f4d-9ecd-4a3f-8265-1de48cfe1f9e","Select Unlimited - 7 days for 26.99 USD.","","26.99","offer_schema"
"saily","Estonia","EE","Estonia","https://saily.com/esim-estonia/","Unlimited","Unlimited","10","34.99","USD","","","2026-07-27","EST","39ab71ff-2a46-4d9e-87c0-16d5386d8cf4","Select Unlimited - 10 days for 34.99 USD.","","34.99","offer_schema"
"saily","Estonia","EE","Estonia","https://saily.com/esim-estonia/","Unlimited","Unlimited","15","48.99","USD","","","2026-07-27","EST","9d4821a9-c4f7-4c4a-8bef-b6af3f2a7223","Select Unlimited - 15 days for 48.99 USD.","","48.99","offer_schema"
"saily","Estonia","EE","Estonia","https://saily.com/esim-estonia/","Unlimited","Unlimited","20","59.99","USD","","","2026-07-27","EST","7ac0fada-160e-41d5-b479-ac24d3144bfe","Select Unlimited - 20 days for 59.99 USD.","","59.99","offer_schema"
"saily","Estonia","EE","Estonia","https://saily.com/esim-estonia/","Unlimited","Unlimited","25","65.99","USD","","","2026-07-27","EST","cc1b5c83-17cf-4e55-8100-ded26f054945","Select Unlimited - 25 days for 65.99 USD.","","65.99","offer_schema"
"saily","Estonia","EE","Estonia","https://saily.com/esim-estonia/","Unlimited","Unlimited","30","71.99","USD","","","2026-07-27","EST","5c77eb9c-6f40-4367-949f-ce8a22e81eb7","Select Unlimited - 30 days for 71.99 USD.","","71.99","offer_schema"
"saily","Faroe Islands","FO","Faroe Islands","https://saily.com/esim-faroe-islands/","Standard","1","7","3.99","USD","","","2026-07-27","FRO","saily-FRO-Standard-1-7-3.99","Select 1 GB - 7 days for 3.99 USD.","","3.99","visible_text"
"saily","Faroe Islands","FO","Faroe Islands","https://saily.com/esim-faroe-islands/","Standard","3","30","8.99","USD","","","2026-07-27","FRO","saily-FRO-Standard-3-30-8.99","Select 3 GB - 30 days for 8.99 USD.","","8.99","visible_text"
"saily","Faroe Islands","FO","Faroe Islands","https://saily.com/esim-faroe-islands/","Standard","5","30","12.99","USD","","","2026-07-27","FRO","saily-FRO-Standard-5-30-12.99","Select 5 GB - 30 days for 12.99 USD.","","12.99","visible_text"
"saily","Faroe Islands","FO","Faroe Islands","https://saily.com/esim-faroe-islands/","Standard","10","30","20.99","USD","","","2026-07-27","FRO","saily-FRO-Standard-10-30-20.99","Select 10 GB - 30 days for 20.99 USD.","","20.99","visible_text"
"saily","Faroe Islands","FO","Faroe Islands","https://saily.com/esim-faroe-islands/","Standard","20","30","33.99","USD","","","2026-07-27","FRO","saily-FRO-Standard-20-30-33.99","Select 20 GB - 30 days for 33.99 USD.","","33.99","visible_text"
"saily","Fiji","FJ","Fiji","https://saily.com/esim-fiji/","Standard","1","7","7.99","USD","","","2026-07-27","FJI","saily-FJI-Standard-1-7-7.99","Select 1 GB - 7 days for 7.99 USD.","","7.99","visible_text"
"saily","Fiji","FJ","Fiji","https://saily.com/esim-fiji/","Standard","3","30","19.99","USD","","","2026-07-27","FJI","saily-FJI-Standard-3-30-19.99","Select 3 GB - 30 days for 19.99 USD.","","19.99","visible_text"
"saily","Fiji","FJ","Fiji","https://saily.com/esim-fiji/","Standard","5","30","29.99","USD","","","2026-07-27","FJI","saily-FJI-Standard-5-30-29.99","Select 5 GB - 30 days for 29.99 USD.","","29.99","visible_text"
"saily","Finland","FI","Finland","https://saily.com/esim-finland/","Standard","1","7","3.99","USD","","","2026-07-27","FIN","saily-FIN-Standard-1-7-3.99","Select 1 GB - 7 days for 3.99 USD.","","3.99","visible_text"
"saily","Finland","FI","Finland","https://saily.com/esim-finland/","Standard","3","30","6.99","USD","","","2026-07-27","FIN","saily-FIN-Standard-3-30-6.99","Select 3 GB - 30 days for 6.99 USD.","","6.99","visible_text"
"saily","Finland","FI","Finland","https://saily.com/esim-finland/","Standard","5","30","9.99","USD","","","2026-07-27","FIN","saily-FIN-Standard-5-30-9.99","Select 5 GB - 30 days for 9.99 USD.","","9.99","visible_text"
"saily","Finland","FI","Finland","https://saily.com/esim-finland/","Standard","10","30","15.99","USD","","","2026-07-27","FIN","saily-FIN-Standard-10-30-15.99","Select 10 GB - 30 days for 15.99 USD.","","15.99","visible_text"
"saily","Finland","FI","Finland","https://saily.com/esim-finland/","Standard","20","30","22.99","USD","","","2026-07-27","FIN","saily-FIN-Standard-20-30-22.99","Select 20 GB - 30 days for 22.99 USD.","","22.99","visible_text"
"saily","Finland","FI","Finland","https://saily.com/esim-finland/","Unlimited","Unlimited","5","18.99","USD","","","2026-07-27","FIN","58b13dbd-af5f-4ed3-a363-2aa030b3ebe2","Select Unlimited - 5 days for 18.99 USD.","","18.99","offer_schema"
"saily","Finland","FI","Finland","https://saily.com/esim-finland/","Unlimited","Unlimited","7","26.99","USD","","","2026-07-27","FIN","78b255f3-286a-4852-bcd2-71876eba77b2","Select Unlimited - 7 days for 26.99 USD.","","26.99","offer_schema"
"saily","Finland","FI","Finland","https://saily.com/esim-finland/","Unlimited","Unlimited","10","34.99","USD","","","2026-07-27","FIN","be5d5a3b-061e-496c-9fe7-e2077f40b316","Select Unlimited - 10 days for 34.99 USD.","","34.99","offer_schema"
"saily","Finland","FI","Finland","https://saily.com/esim-finland/","Unlimited","Unlimited","15","48.99","USD","","","2026-07-27","FIN","4376dd4e-e3ab-44cb-8e91-19238264c5b5","Select Unlimited - 15 days for 48.99 USD.","","48.99","offer_schema"
"saily","Finland","FI","Finland","https://saily.com/esim-finland/","Unlimited","Unlimited","20","59.99","USD","","","2026-07-27","FIN","9ec21fce-9cd9-496f-97c2-93bcfbe543da","Select Unlimited - 20 days for 59.99 USD.","","59.99","offer_schema"
"saily","Finland","FI","Finland","https://saily.com/esim-finland/","Unlimited","Unlimited","25","65.99","USD","","","2026-07-27","FIN","2a59d34b-793f-4bee-9af7-aeab395f4daa","Select Unlimited - 25 days for 65.99 USD.","","65.99","offer_schema"
"saily","Finland","FI","Finland","https://saily.com/esim-finland/","Unlimited","Unlimited","30","71.99","USD","","","2026-07-27","FIN","60427b85-4428-4a7c-b3d7-4734f2449240","Select Unlimited - 30 days for 71.99 USD.","","71.99","offer_schema"
"saily","France","FR","France","https://saily.com/esim-france/","Standard","1","7","3.99","USD","","","2026-07-27","FRA","saily-FRA-Standard-1-7-3.99","Select 1 GB - 7 days for 3.99 USD.","","3.99","visible_text"
"saily","France","FR","France","https://saily.com/esim-france/","Standard","3","30","8.99","USD","","","2026-07-27","FRA","saily-FRA-Standard-3-30-8.99","Select 3 GB - 30 days for 8.99 USD.","","8.99","visible_text"
"saily","France","FR","France","https://saily.com/esim-france/","Standard","5","30","11.99","USD","","","2026-07-27","FRA","saily-FRA-Standard-5-30-11.99","Select 5 GB - 30 days for 11.99 USD.","","11.99","visible_text"
"saily","France","FR","France","https://saily.com/esim-france/","Standard","10","30","19.99","USD","","","2026-07-27","FRA","saily-FRA-Standard-10-30-19.99","Select 10 GB - 30 days for 19.99 USD.","","19.99","visible_text"
"saily","France","FR","France","https://saily.com/esim-france/","Standard","20","30","26.99","USD","","","2026-07-27","FRA","saily-FRA-Standard-20-30-26.99","Select 20 GB - 30 days for 26.99 USD.","","26.99","visible_text"
"saily","France","FR","France","https://saily.com/esim-france/","Unlimited","Unlimited","5","18.99","USD","","","2026-07-27","FRA","610eb165-83b4-4de3-993c-65defd7aae91","Select Unlimited - 5 days for 18.99 USD.","","18.99","offer_schema"
"saily","France","FR","France","https://saily.com/esim-france/","Unlimited","Unlimited","7","26.99","USD","","","2026-07-27","FRA","cf66eaa3-be26-4ea5-b35a-83a3c273741b","Select Unlimited - 7 days for 26.99 USD.","","26.99","offer_schema"
"saily","France","FR","France","https://saily.com/esim-france/","Unlimited","Unlimited","10","34.99","USD","","","2026-07-27","FRA","f1271799-1f5e-47d4-9f1c-0ea792630c8e","Select Unlimited - 10 days for 34.99 USD.","","34.99","offer_schema"
"saily","France","FR","France","https://saily.com/esim-france/","Unlimited","Unlimited","15","48.99","USD","","","2026-07-27","FRA","3913604e-4e4a-488d-9f1e-e95da3f0e165","Select Unlimited - 15 days for 48.99 USD.","","48.99","offer_schema"
"saily","France","FR","France","https://saily.com/esim-france/","Unlimited","Unlimited","20","59.99","USD","","","2026-07-27","FRA","132d2f04-65bd-4d30-b5f5-1bf7bafa58b8","Select Unlimited - 20 days for 59.99 USD.","","59.99","offer_schema"
"saily","France","FR","France","https://saily.com/esim-france/","Unlimited","Unlimited","25","65.99","USD","","","2026-07-27","FRA","f44be16d-93d3-48c0-bfa2-88631d4efb76","Select Unlimited - 25 days for 65.99 USD.","","65.99","offer_schema"
"saily","France","FR","France","https://saily.com/esim-france/","Unlimited","Unlimited","30","71.99","USD","","","2026-07-27","FRA","7db70a07-6b65-4c24-b0ec-e4e532452edd","Select Unlimited - 30 days for 71.99 USD.","","71.99","offer_schema"
"saily","French Polynesia","PF","French Polynesia","https://saily.com/esim-french-polynesia/","Standard","1","7","15.99","USD","","","2026-07-27","PYF","saily-PYF-Standard-1-7-15.99","Select 1 GB - 7 days for 15.99 USD.","","15.99","visible_text"
"saily","French Polynesia","PF","French Polynesia","https://saily.com/esim-french-polynesia/","Standard","3","30","39.99","USD","","","2026-07-27","PYF","saily-PYF-Standard-3-30-39.99","Select 3 GB - 30 days for 39.99 USD.","","39.99","visible_text"
"saily","Gambia","GM","Gambia","https://saily.com/esim-gambia/","Standard","1","7","9.99","USD","","","2026-07-27","GMB","saily-GMB-Standard-1-7-9.99","Select 1 GB - 7 days for 9.99 USD.","","9.99","visible_text"
"saily","Gambia","GM","Gambia","https://saily.com/esim-gambia/","Standard","3","30","27.99","USD","","","2026-07-27","GMB","saily-GMB-Standard-3-30-27.99","Select 3 GB - 30 days for 27.99 USD.","","27.99","visible_text"
"saily","Gambia","GM","Gambia","https://saily.com/esim-gambia/","Standard","5","30","44.99","USD","","","2026-07-27","GMB","saily-GMB-Standard-5-30-44.99","Select 5 GB - 30 days for 44.99 USD.","","44.99","visible_text"
"saily","Georgia","GE","Georgia","https://saily.com/esim-georgia/","Standard","1","7","4.79","USD","","","2026-07-27","GEO","saily-GEO-Standard-1-7-4.79","Select 1 GB - 7 days for 4.79 USD.","","4.79","visible_text"
"saily","Georgia","GE","Georgia","https://saily.com/esim-georgia/","Standard","3","30","11.99","USD","","","2026-07-27","GEO","saily-GEO-Standard-3-30-11.99","Select 3 GB - 30 days for 11.99 USD.","","11.99","visible_text"
"saily","Georgia","GE","Georgia","https://saily.com/esim-georgia/","Standard","5","30","17.99","USD","","","2026-07-27","GEO","saily-GEO-Standard-5-30-17.99","Select 5 GB - 30 days for 17.99 USD.","","17.99","visible_text"
"saily","Georgia","GE","Georgia","https://saily.com/esim-georgia/","Standard","10","30","30.99","USD","","","2026-07-27","GEO","saily-GEO-Standard-10-30-30.99","Select 10 GB - 30 days for 30.99 USD.","","30.99","visible_text"
"saily","Georgia","GE","Georgia","https://saily.com/esim-georgia/","Standard","20","30","48.99","USD","","","2026-07-27","GEO","saily-GEO-Standard-20-30-48.99","Select 20 GB - 30 days for 48.99 USD.","","48.99","visible_text"
"saily","Germany","DE","Germany","https://saily.com/esim-germany/","Standard","1","7","4.49","USD","","","2026-07-27","DEU","saily-DEU-Standard-1-7-4.49","Select 1 GB - 7 days for 4.49 USD.","","4.49","visible_text"
"saily","Germany","DE","Germany","https://saily.com/esim-germany/","Standard","3","30","8.99","USD","","","2026-07-27","DEU","saily-DEU-Standard-3-30-8.99","Select 3 GB - 30 days for 8.99 USD.","","8.99","visible_text"
"saily","Germany","DE","Germany","https://saily.com/esim-germany/","Standard","5","30","10.99","USD","","","2026-07-27","DEU","saily-DEU-Standard-5-30-10.99","Select 5 GB - 30 days for 10.99 USD.","","10.99","visible_text"
"saily","Germany","DE","Germany","https://saily.com/esim-germany/","Standard","10","30","16.99","USD","","","2026-07-27","DEU","saily-DEU-Standard-10-30-16.99","Select 10 GB - 30 days for 16.99 USD.","","16.99","visible_text"
"saily","Germany","DE","Germany","https://saily.com/esim-germany/","Standard","20","30","22.99","USD","","","2026-07-27","DEU","saily-DEU-Standard-20-30-22.99","Select 20 GB - 30 days for 22.99 USD.","","22.99","visible_text"
"saily","Germany","DE","Germany","https://saily.com/esim-germany/","Unlimited","Unlimited","5","17.99","USD","","","2026-07-27","DEU","502f101f-491c-4c26-b20d-eeef424bf676","Select Unlimited - 5 days for 17.99 USD.","","17.99","offer_schema"
"saily","Germany","DE","Germany","https://saily.com/esim-germany/","Unlimited","Unlimited","7","23.99","USD","","","2026-07-27","DEU","b4c3c5db-5a2b-4a82-81c3-f47f29aefe91","Select Unlimited - 7 days for 23.99 USD.","","23.99","offer_schema"
"saily","Germany","DE","Germany","https://saily.com/esim-germany/","Unlimited","Unlimited","10","29.99","USD","","","2026-07-27","DEU","8c7b37b6-5201-403e-a657-a9fba4228eaa","Select Unlimited - 10 days for 29.99 USD.","","29.99","offer_schema"
"saily","Germany","DE","Germany","https://saily.com/esim-germany/","Unlimited","Unlimited","15","41.99","USD","","","2026-07-27","DEU","45504a97-4885-4ba9-a627-b7760fd737bb","Select Unlimited - 15 days for 41.99 USD.","","41.99","offer_schema"
"saily","Germany","DE","Germany","https://saily.com/esim-germany/","Unlimited","Unlimited","20","48.99","USD","","","2026-07-27","DEU","07afeccb-3a3d-476e-8b6f-1376592a3621","Select Unlimited - 20 days for 48.99 USD.","","48.99","offer_schema"
"saily","Germany","DE","Germany","https://saily.com/esim-germany/","Unlimited","Unlimited","25","54.99","USD","","","2026-07-27","DEU","5d7848a5-6f45-41d1-8843-a1b0187ab11e","Select Unlimited - 25 days for 54.99 USD.","","54.99","offer_schema"
"saily","Germany","DE","Germany","https://saily.com/esim-germany/","Unlimited","Unlimited","30","59.99","USD","","","2026-07-27","DEU","f68548b7-5c92-4bb2-877b-38ecc06221c2","Select Unlimited - 30 days for 59.99 USD.","","59.99","offer_schema"
"saily","Ghana","GH","Ghana","https://saily.com/esim-ghana/","Standard","1","7","6.99","USD","","","2026-07-27","GHA","saily-GHA-Standard-1-7-6.99","Select 1 GB - 7 days for 6.99 USD.","","6.99","visible_text"
"saily","Ghana","GH","Ghana","https://saily.com/esim-ghana/","Standard","3","30","12.99","USD","","","2026-07-27","GHA","saily-GHA-Standard-3-30-12.99","Select 3 GB - 30 days for 12.99 USD.","","12.99","visible_text"
"saily","Ghana","GH","Ghana","https://saily.com/esim-ghana/","Standard","5","30","18.99","USD","","","2026-07-27","GHA","saily-GHA-Standard-5-30-18.99","Select 5 GB - 30 days for 18.99 USD.","","18.99","visible_text"
"saily","Greece","GR","Greece","https://saily.com/esim-greece/","Standard","1","7","4.49","USD","","","2026-07-27","GRC","saily-GRC-Standard-1-7-4.49","Select 1 GB - 7 days for 4.49 USD.","","4.49","visible_text"
"saily","Greece","GR","Greece","https://saily.com/esim-greece/","Standard","3","30","9.99","USD","","","2026-07-27","GRC","saily-GRC-Standard-3-30-9.99","Select 3 GB - 30 days for 9.99 USD.","","9.99","visible_text"
"saily","Greece","GR","Greece","https://saily.com/esim-greece/","Standard","5","30","13.99","USD","","","2026-07-27","GRC","saily-GRC-Standard-5-30-13.99","Select 5 GB - 30 days for 13.99 USD.","","13.99","visible_text"
"saily","Greece","GR","Greece","https://saily.com/esim-greece/","Standard","10","30","22.99","USD","","","2026-07-27","GRC","saily-GRC-Standard-10-30-22.99","Select 10 GB - 30 days for 22.99 USD.","","22.99","visible_text"
"saily","Greece","GR","Greece","https://saily.com/esim-greece/","Standard","20","30","35.99","USD","","","2026-07-27","GRC","saily-GRC-Standard-20-30-35.99","Select 20 GB - 30 days for 35.99 USD.","","35.99","visible_text"
"saily","Greece","GR","Greece","https://saily.com/esim-greece/","Unlimited","Unlimited","5","18.99","USD","","","2026-07-27","GRC","275a7627-ea0e-4e5d-af88-2664ae3481a2","Select Unlimited - 5 days for 18.99 USD.","","18.99","offer_schema"
"saily","Greece","GR","Greece","https://saily.com/esim-greece/","Unlimited","Unlimited","7","26.99","USD","","","2026-07-27","GRC","ba6071bf-a6f8-49a3-9fa6-bd72daed2077","Select Unlimited - 7 days for 26.99 USD.","","26.99","offer_schema"
"saily","Greece","GR","Greece","https://saily.com/esim-greece/","Unlimited","Unlimited","10","34.99","USD","","","2026-07-27","GRC","0840a3a2-dcc5-4d1b-9bbc-76c6f94ac420","Select Unlimited - 10 days for 34.99 USD.","","34.99","offer_schema"
"saily","Greece","GR","Greece","https://saily.com/esim-greece/","Unlimited","Unlimited","15","48.99","USD","","","2026-07-27","GRC","86d9c9d1-0af0-4855-b42a-7aab3838b306","Select Unlimited - 15 days for 48.99 USD.","","48.99","offer_schema"
"saily","Greece","GR","Greece","https://saily.com/esim-greece/","Unlimited","Unlimited","20","59.99","USD","","","2026-07-27","GRC","bae1e257-4be7-4683-abe7-914f93ffa4dd","Select Unlimited - 20 days for 59.99 USD.","","59.99","offer_schema"
"saily","Greece","GR","Greece","https://saily.com/esim-greece/","Unlimited","Unlimited","25","65.99","USD","","","2026-07-27","GRC","01791a62-0d9b-4a80-88c1-59bbbd1f464e","Select Unlimited - 25 days for 65.99 USD.","","65.99","offer_schema"
"saily","Greece","GR","Greece","https://saily.com/esim-greece/","Unlimited","Unlimited","30","71.99","USD","","","2026-07-27","GRC","e103ca6a-3f39-4b39-aab0-0c6365335255","Select Unlimited - 30 days for 71.99 USD.","","71.99","offer_schema"
"saily","Greenland","GL","Greenland","https://saily.com/esim-greenland/","Standard","1","7","7.99","USD","","","2026-07-27","GRL","saily-GRL-Standard-1-7-7.99","Select 1 GB - 7 days for 7.99 USD.","","7.99","visible_text"
"saily","Guatemala","GT","Guatemala","https://saily.com/esim-guatemala/","Standard","1","7","5.99","USD","","","2026-07-27","GTM","saily-GTM-Standard-1-7-5.99","Select 1 GB - 7 days for 5.99 USD.","","5.99","visible_text"
"saily","Guatemala","GT","Guatemala","https://saily.com/esim-guatemala/","Standard","3","30","16.99","USD","","","2026-07-27","GTM","saily-GTM-Standard-3-30-16.99","Select 3 GB - 30 days for 16.99 USD.","","16.99","visible_text"
"saily","Guatemala","GT","Guatemala","https://saily.com/esim-guatemala/","Standard","5","30","24.99","USD","","","2026-07-27","GTM","saily-GTM-Standard-5-30-24.99","Select 5 GB - 30 days for 24.99 USD.","","24.99","visible_text"
"saily","Hong Kong","HK","Hong Kong","https://saily.com/esim-hong-kong/","Standard","1","7","3.99","USD","","","2026-07-27","HKG","saily-HKG-Standard-1-7-3.99","Select 1 GB - 7 days for 3.99 USD.","","3.99","visible_text"
"saily","Hong Kong","HK","Hong Kong","https://saily.com/esim-hong-kong/","Standard","3","30","8.99","USD","","","2026-07-27","HKG","saily-HKG-Standard-3-30-8.99","Select 3 GB - 30 days for 8.99 USD.","","8.99","visible_text"
"saily","Hong Kong","HK","Hong Kong","https://saily.com/esim-hong-kong/","Standard","5","30","11.99","USD","","","2026-07-27","HKG","saily-HKG-Standard-5-30-11.99","Select 5 GB - 30 days for 11.99 USD.","","11.99","visible_text"
"saily","Hong Kong","HK","Hong Kong","https://saily.com/esim-hong-kong/","Standard","10","30","19.99","USD","","","2026-07-27","HKG","saily-HKG-Standard-10-30-19.99","Select 10 GB - 30 days for 19.99 USD.","","19.99","visible_text"
"saily","Hong Kong","HK","Hong Kong","https://saily.com/esim-hong-kong/","Standard","20","30","36.99","USD","","","2026-07-27","HKG","saily-HKG-Standard-20-30-36.99","Select 20 GB - 30 days for 36.99 USD.","","36.99","visible_text"
"saily","Hong Kong","HK","Hong Kong","https://saily.com/esim-hong-kong/","Unlimited","Unlimited","5","18.99","USD","","","2026-07-27","HKG","f510ac32-2a41-4b07-abde-58d8ef5e5a24","Select Unlimited - 5 days for 18.99 USD.","","18.99","offer_schema"
"saily","Hong Kong","HK","Hong Kong","https://saily.com/esim-hong-kong/","Unlimited","Unlimited","7","26.99","USD","","","2026-07-27","HKG","be206bb9-1431-4442-9cfd-faefb556a647","Select Unlimited - 7 days for 26.99 USD.","","26.99","offer_schema"
"saily","Hong Kong","HK","Hong Kong","https://saily.com/esim-hong-kong/","Unlimited","Unlimited","10","34.99","USD","","","2026-07-27","HKG","e6f0de8d-a259-4744-977d-f398d264eb05","Select Unlimited - 10 days for 34.99 USD.","","34.99","offer_schema"
"saily","Hong Kong","HK","Hong Kong","https://saily.com/esim-hong-kong/","Unlimited","Unlimited","15","48.99","USD","","","2026-07-27","HKG","2fb2f4ba-fd6a-4940-9127-6ea66ad277f7","Select Unlimited - 15 days for 48.99 USD.","","48.99","offer_schema"
"saily","Hong Kong","HK","Hong Kong","https://saily.com/esim-hong-kong/","Unlimited","Unlimited","20","59.99","USD","","","2026-07-27","HKG","efe8d32a-194b-4d6b-bb89-2551abb40865","Select Unlimited - 20 days for 59.99 USD.","","59.99","offer_schema"
"saily","Hong Kong","HK","Hong Kong","https://saily.com/esim-hong-kong/","Unlimited","Unlimited","25","65.99","USD","","","2026-07-27","HKG","4382f99f-cc2c-45d1-938d-1b9a2606bd67","Select Unlimited - 25 days for 65.99 USD.","","65.99","offer_schema"
"saily","Hong Kong","HK","Hong Kong","https://saily.com/esim-hong-kong/","Unlimited","Unlimited","30","71.99","USD","","","2026-07-27","HKG","c57868ef-550b-487d-9075-a51e557f54e2","Select Unlimited - 30 days for 71.99 USD.","","71.99","offer_schema"
"saily","Hungary","HU","Hungary","https://saily.com/esim-hungary/","Standard","1","7","3.99","USD","","","2026-07-27","HUN","saily-HUN-Standard-1-7-3.99","Select 1 GB - 7 days for 3.99 USD.","","3.99","visible_text"
"saily","Hungary","HU","Hungary","https://saily.com/esim-hungary/","Standard","3","30","7.99","USD","","","2026-07-27","HUN","saily-HUN-Standard-3-30-7.99","Select 3 GB - 30 days for 7.99 USD.","","7.99","visible_text"
"saily","Hungary","HU","Hungary","https://saily.com/esim-hungary/","Standard","5","30","11.99","USD","","","2026-07-27","HUN","saily-HUN-Standard-5-30-11.99","Select 5 GB - 30 days for 11.99 USD.","","11.99","visible_text"
"saily","Hungary","HU","Hungary","https://saily.com/esim-hungary/","Standard","10","30","18.99","USD","","","2026-07-27","HUN","saily-HUN-Standard-10-30-18.99","Select 10 GB - 30 days for 18.99 USD.","","18.99","visible_text"
"saily","Hungary","HU","Hungary","https://saily.com/esim-hungary/","Standard","20","30","31.99","USD","","","2026-07-27","HUN","saily-HUN-Standard-20-30-31.99","Select 20 GB - 30 days for 31.99 USD.","","31.99","visible_text"
"saily","Hungary","HU","Hungary","https://saily.com/esim-hungary/","Unlimited","Unlimited","5","18.99","USD","","","2026-07-27","HUN","77740c30-6fb5-4148-bdd4-d1f7793d0919","Select Unlimited - 5 days for 18.99 USD.","","18.99","offer_schema"
"saily","Hungary","HU","Hungary","https://saily.com/esim-hungary/","Unlimited","Unlimited","7","26.99","USD","","","2026-07-27","HUN","f645a888-64a1-4468-a53b-95928a7329ce","Select Unlimited - 7 days for 26.99 USD.","","26.99","offer_schema"
"saily","Hungary","HU","Hungary","https://saily.com/esim-hungary/","Unlimited","Unlimited","10","34.99","USD","","","2026-07-27","HUN","f6c3a030-39c9-4fb9-a491-331c19baf2d8","Select Unlimited - 10 days for 34.99 USD.","","34.99","offer_schema"
"saily","Hungary","HU","Hungary","https://saily.com/esim-hungary/","Unlimited","Unlimited","15","48.99","USD","","","2026-07-27","HUN","ad382703-061b-4ce6-82c6-a1b724c6587a","Select Unlimited - 15 days for 48.99 USD.","","48.99","offer_schema"
"saily","Hungary","HU","Hungary","https://saily.com/esim-hungary/","Unlimited","Unlimited","20","59.99","USD","","","2026-07-27","HUN","38f7e2b3-5533-4cf8-bf78-aa067a886ba2","Select Unlimited - 20 days for 59.99 USD.","","59.99","offer_schema"
"saily","Hungary","HU","Hungary","https://saily.com/esim-hungary/","Unlimited","Unlimited","25","65.99","USD","","","2026-07-27","HUN","e7bb353d-9956-47db-8725-02dba9ca22c1","Select Unlimited - 25 days for 65.99 USD.","","65.99","offer_schema"
"saily","Hungary","HU","Hungary","https://saily.com/esim-hungary/","Unlimited","Unlimited","30","71.99","USD","","","2026-07-27","HUN","f86a051c-727b-43d3-9ee3-490a4028ecdc","Select Unlimited - 30 days for 71.99 USD.","","71.99","offer_schema"
"saily","Iceland","IS","Iceland","https://saily.com/esim-iceland/","Standard","1","7","3.99","USD","","","2026-07-27","ISL","saily-ISL-Standard-1-7-3.99","Select 1 GB - 7 days for 3.99 USD.","","3.99","visible_text"
"saily","Iceland","IS","Iceland","https://saily.com/esim-iceland/","Standard","3","30","8.99","USD","","","2026-07-27","ISL","saily-ISL-Standard-3-30-8.99","Select 3 GB - 30 days for 8.99 USD.","","8.99","visible_text"
"saily","Iceland","IS","Iceland","https://saily.com/esim-iceland/","Standard","5","30","11.99","USD","","","2026-07-27","ISL","saily-ISL-Standard-5-30-11.99","Select 5 GB - 30 days for 11.99 USD.","","11.99","visible_text"
"saily","Iceland","IS","Iceland","https://saily.com/esim-iceland/","Standard","10","30","19.99","USD","","","2026-07-27","ISL","saily-ISL-Standard-10-30-19.99","Select 10 GB - 30 days for 19.99 USD.","","19.99","visible_text"
"saily","Iceland","IS","Iceland","https://saily.com/esim-iceland/","Standard","20","30","31.99","USD","","","2026-07-27","ISL","saily-ISL-Standard-20-30-31.99","Select 20 GB - 30 days for 31.99 USD.","","31.99","visible_text"
"saily","Iceland","IS","Iceland","https://saily.com/esim-iceland/","Unlimited","Unlimited","5","18.99","USD","","","2026-07-27","ISL","ade9cf6b-bac3-4b4d-8b7d-4354d1b69baf","Select Unlimited - 5 days for 18.99 USD.","","18.99","offer_schema"
"saily","Iceland","IS","Iceland","https://saily.com/esim-iceland/","Unlimited","Unlimited","7","26.99","USD","","","2026-07-27","ISL","532d511d-fb77-4668-8e99-822f850dea3d","Select Unlimited - 7 days for 26.99 USD.","","26.99","offer_schema"
"saily","Iceland","IS","Iceland","https://saily.com/esim-iceland/","Unlimited","Unlimited","10","34.99","USD","","","2026-07-27","ISL","1ab003ee-5e6b-474e-a4a2-89641fffec0b","Select Unlimited - 10 days for 34.99 USD.","","34.99","offer_schema"
"saily","Iceland","IS","Iceland","https://saily.com/esim-iceland/","Unlimited","Unlimited","15","48.99","USD","","","2026-07-27","ISL","c15f6694-07ab-4fac-b804-01d54291285e","Select Unlimited - 15 days for 48.99 USD.","","48.99","offer_schema"
"saily","Iceland","IS","Iceland","https://saily.com/esim-iceland/","Unlimited","Unlimited","20","59.99","USD","","","2026-07-27","ISL","9ea5a642-0629-4883-ba8e-92cf2cf858d2","Select Unlimited - 20 days for 59.99 USD.","","59.99","offer_schema"
"saily","Iceland","IS","Iceland","https://saily.com/esim-iceland/","Unlimited","Unlimited","25","65.99","USD","","","2026-07-27","ISL","104132f7-1654-4ff0-a129-51b00076d414","Select Unlimited - 25 days for 65.99 USD.","","65.99","offer_schema"
"saily","Iceland","IS","Iceland","https://saily.com/esim-iceland/","Unlimited","Unlimited","30","71.99","USD","","","2026-07-27","ISL","896b3b5b-13b4-42af-913e-46af58372d98","Select Unlimited - 30 days for 71.99 USD.","","71.99","offer_schema"
"saily","India","IN","India","https://saily.com/esim-india/","Standard","1","7","3.99","USD","","","2026-07-27","IND","saily-IND-Standard-1-7-3.99","Select 1 GB - 7 days for 3.99 USD.","","3.99","visible_text"
"saily","India","IN","India","https://saily.com/esim-india/","Standard","3","30","9.99","USD","","","2026-07-27","IND","saily-IND-Standard-3-30-9.99","Select 3 GB - 30 days for 9.99 USD.","","9.99","visible_text"
"saily","India","IN","India","https://saily.com/esim-india/","Standard","5","30","13.99","USD","","","2026-07-27","IND","saily-IND-Standard-5-30-13.99","Select 5 GB - 30 days for 13.99 USD.","","13.99","visible_text"
"saily","India","IN","India","https://saily.com/esim-india/","Standard","10","30","23.99","USD","","","2026-07-27","IND","saily-IND-Standard-10-30-23.99","Select 10 GB - 30 days for 23.99 USD.","","23.99","visible_text"
"saily","India","IN","India","https://saily.com/esim-india/","Standard","20","30","38.99","USD","","","2026-07-27","IND","saily-IND-Standard-20-30-38.99","Select 20 GB - 30 days for 38.99 USD.","","38.99","visible_text"
"saily","India","IN","India","https://saily.com/esim-india/","Unlimited","Unlimited","5","27.99","USD","","","2026-07-27","IND","63f3599f-775e-486f-b308-eec78be0fa2a","Select Unlimited - 5 days for 27.99 USD.","","27.99","offer_schema"
"saily","India","IN","India","https://saily.com/esim-india/","Unlimited","Unlimited","7","38.99","USD","","","2026-07-27","IND","4daddedd-3d75-4347-b273-87af95f0cdf8","Select Unlimited - 7 days for 38.99 USD.","","38.99","offer_schema"
"saily","India","IN","India","https://saily.com/esim-india/","Unlimited","Unlimited","10","44.99","USD","","","2026-07-27","IND","920c4503-43bc-479c-bb32-6472a54c36e7","Select Unlimited - 10 days for 44.99 USD.","","44.99","offer_schema"
"saily","India","IN","India","https://saily.com/esim-india/","Unlimited","Unlimited","15","59.99","USD","","","2026-07-27","IND","2548b8b3-ea21-441e-ad00-da500cfdfd4a","Select Unlimited - 15 days for 59.99 USD.","","59.99","offer_schema"
"saily","India","IN","India","https://saily.com/esim-india/","Unlimited","Unlimited","20","76.99","USD","","","2026-07-27","IND","bcea548b-9067-4dc3-aaf6-16856bdf12a0","Select Unlimited - 20 days for 76.99 USD.","","76.99","offer_schema"
"saily","India","IN","India","https://saily.com/esim-india/","Unlimited","Unlimited","25","86.99","USD","","","2026-07-27","IND","1cf7d05b-4cdc-4c8d-a482-f00172bca439","Select Unlimited - 25 days for 86.99 USD.","","86.99","offer_schema"
"saily","India","IN","India","https://saily.com/esim-india/","Unlimited","Unlimited","30","98.99","USD","","","2026-07-27","IND","32cf2b36-f0c8-48a9-9567-0ac616d2accf","Select Unlimited - 30 days for 98.99 USD.","","98.99","offer_schema"
"saily","Indonesia","ID","Indonesia","https://saily.com/esim-indonesia/","Standard","1","7","4.79","USD","","","2026-07-27","IDN","saily-IDN-Standard-1-7-4.79","Select 1 GB - 7 days for 4.79 USD.","","4.79","visible_text"
"saily","Indonesia","ID","Indonesia","https://saily.com/esim-indonesia/","Standard","3","30","8.99","USD","","","2026-07-27","IDN","saily-IDN-Standard-3-30-8.99","Select 3 GB - 30 days for 8.99 USD.","","8.99","visible_text"
"saily","Indonesia","ID","Indonesia","https://saily.com/esim-indonesia/","Standard","5","30","13.99","USD","","","2026-07-27","IDN","saily-IDN-Standard-5-30-13.99","Select 5 GB - 30 days for 13.99 USD.","","13.99","visible_text"
"saily","Indonesia","ID","Indonesia","https://saily.com/esim-indonesia/","Standard","10","30","21.99","USD","","","2026-07-27","IDN","saily-IDN-Standard-10-30-21.99","Select 10 GB - 30 days for 21.99 USD.","","21.99","visible_text"
"saily","Indonesia","ID","Indonesia","https://saily.com/esim-indonesia/","Standard","20","30","35.99","USD","","","2026-07-27","IDN","saily-IDN-Standard-20-30-35.99","Select 20 GB - 30 days for 35.99 USD.","","35.99","visible_text"
"saily","Indonesia","ID","Indonesia","https://saily.com/esim-indonesia/","Unlimited","Unlimited","5","18.99","USD","","","2026-07-27","IDN","21ade45b-e4d0-47d4-a97a-181f470c377e","Select Unlimited - 5 days for 18.99 USD.","","18.99","offer_schema"
"saily","Indonesia","ID","Indonesia","https://saily.com/esim-indonesia/","Unlimited","Unlimited","7","26.99","USD","","","2026-07-27","IDN","5da80b9f-0a68-40a5-b929-da3ce1f26367","Select Unlimited - 7 days for 26.99 USD.","","26.99","offer_schema"
"saily","Indonesia","ID","Indonesia","https://saily.com/esim-indonesia/","Unlimited","Unlimited","10","34.99","USD","","","2026-07-27","IDN","3560c896-a5e7-4ecc-9aae-a228d265169e","Select Unlimited - 10 days for 34.99 USD.","","34.99","offer_schema"
"saily","Indonesia","ID","Indonesia","https://saily.com/esim-indonesia/","Unlimited","Unlimited","15","48.99","USD","","","2026-07-27","IDN","7a0ccda8-ff6d-4227-a222-00a2f12de828","Select Unlimited - 15 days for 48.99 USD.","","48.99","offer_schema"
"saily","Indonesia","ID","Indonesia","https://saily.com/esim-indonesia/","Unlimited","Unlimited","20","59.99","USD","","","2026-07-27","IDN","0d1b9618-264e-49c0-9eb7-f3954a564f90","Select Unlimited - 20 days for 59.99 USD.","","59.99","offer_schema"
"saily","Indonesia","ID","Indonesia","https://saily.com/esim-indonesia/","Unlimited","Unlimited","25","65.99","USD","","","2026-07-27","IDN","d3c3e840-ee0a-402b-a6e0-2c94b39132d5","Select Unlimited - 25 days for 65.99 USD.","","65.99","offer_schema"
"saily","Indonesia","ID","Indonesia","https://saily.com/esim-indonesia/","Unlimited","Unlimited","30","71.99","USD","","","2026-07-27","IDN","a8ce1c83-d10f-417a-b756-9b483c1f8d8a","Select Unlimited - 30 days for 71.99 USD.","","71.99","offer_schema"
"saily","Iraq","IQ","Iraq","https://saily.com/esim-iraq/","Standard","1","7","3.99","USD","","","2026-07-27","IRQ","saily-IRQ-Standard-1-7-3.99","Select 1 GB - 7 days for 3.99 USD.","","3.99","visible_text"
"saily","Iraq","IQ","Iraq","https://saily.com/esim-iraq/","Standard","3","30","11.99","USD","","","2026-07-27","IRQ","saily-IRQ-Standard-3-30-11.99","Select 3 GB - 30 days for 11.99 USD.","","11.99","visible_text"
"saily","Iraq","IQ","Iraq","https://saily.com/esim-iraq/","Standard","5","30","16.99","USD","","","2026-07-27","IRQ","saily-IRQ-Standard-5-30-16.99","Select 5 GB - 30 days for 16.99 USD.","","16.99","visible_text"
"saily","Iraq","IQ","Iraq","https://saily.com/esim-iraq/","Standard","10","30","28.99","USD","","","2026-07-27","IRQ","saily-IRQ-Standard-10-30-28.99","Select 10 GB - 30 days for 28.99 USD.","","28.99","visible_text"
"saily","Iraq","IQ","Iraq","https://saily.com/esim-iraq/","Standard","20","30","47.99","USD","","","2026-07-27","IRQ","saily-IRQ-Standard-20-30-47.99","Select 20 GB - 30 days for 47.99 USD.","","47.99","visible_text"
"saily","Ireland","IE","Ireland","https://saily.com/esim-ireland/","Standard","1","7","3.99","USD","","","2026-07-27","IRL","saily-IRL-Standard-1-7-3.99","Select 1 GB - 7 days for 3.99 USD.","","3.99","visible_text"
"saily","Ireland","IE","Ireland","https://saily.com/esim-ireland/","Standard","3","30","7.99","USD","","","2026-07-27","IRL","saily-IRL-Standard-3-30-7.99","Select 3 GB - 30 days for 7.99 USD.","","7.99","visible_text"
"saily","Ireland","IE","Ireland","https://saily.com/esim-ireland/","Standard","5","30","10.99","USD","","","2026-07-27","IRL","saily-IRL-Standard-5-30-10.99","Select 5 GB - 30 days for 10.99 USD.","","10.99","visible_text"
"saily","Ireland","IE","Ireland","https://saily.com/esim-ireland/","Standard","10","30","17.99","USD","","","2026-07-27","IRL","saily-IRL-Standard-10-30-17.99","Select 10 GB - 30 days for 17.99 USD.","","17.99","visible_text"
"saily","Ireland","IE","Ireland","https://saily.com/esim-ireland/","Standard","20","30","25.99","USD","","","2026-07-27","IRL","saily-IRL-Standard-20-30-25.99","Select 20 GB - 30 days for 25.99 USD.","","25.99","visible_text"
"saily","Ireland","IE","Ireland","https://saily.com/esim-ireland/","Unlimited","Unlimited","5","18.99","USD","","","2026-07-27","IRL","d027d06c-c4b8-4870-9503-c7d290c21388","Select Unlimited - 5 days for 18.99 USD.","","18.99","offer_schema"
"saily","Ireland","IE","Ireland","https://saily.com/esim-ireland/","Unlimited","Unlimited","7","26.99","USD","","","2026-07-27","IRL","9085ef0d-5cf2-4c33-b0b3-82b5ab004874","Select Unlimited - 7 days for 26.99 USD.","","26.99","offer_schema"
"saily","Ireland","IE","Ireland","https://saily.com/esim-ireland/","Unlimited","Unlimited","10","34.99","USD","","","2026-07-27","IRL","5eef93c3-288f-4bf0-b35c-525dc5bd738f","Select Unlimited - 10 days for 34.99 USD.","","34.99","offer_schema"
"saily","Ireland","IE","Ireland","https://saily.com/esim-ireland/","Unlimited","Unlimited","15","48.99","USD","","","2026-07-27","IRL","cc6c5d83-25a7-4f48-a67b-2824438788d0","Select Unlimited - 15 days for 48.99 USD.","","48.99","offer_schema"
"saily","Ireland","IE","Ireland","https://saily.com/esim-ireland/","Unlimited","Unlimited","20","59.99","USD","","","2026-07-27","IRL","63a001ae-1ee0-4e71-bbeb-36a0f2885018","Select Unlimited - 20 days for 59.99 USD.","","59.99","offer_schema"
"saily","Ireland","IE","Ireland","https://saily.com/esim-ireland/","Unlimited","Unlimited","25","65.99","USD","","","2026-07-27","IRL","a029310d-79aa-45b7-827a-cde331f3c0be","Select Unlimited - 25 days for 65.99 USD.","","65.99","offer_schema"
"saily","Ireland","IE","Ireland","https://saily.com/esim-ireland/","Unlimited","Unlimited","30","71.99","USD","","","2026-07-27","IRL","79739e6c-076b-4550-9316-73838ba0a5b3","Select Unlimited - 30 days for 71.99 USD.","","71.99","offer_schema"
"saily","Israel","IL","Israel","https://saily.com/esim-israel/","Standard","1","7","3.99","USD","","","2026-07-27","ISR","saily-ISR-Standard-1-7-3.99","Select 1 GB - 7 days for 3.99 USD.","","3.99","visible_text"
"saily","Israel","IL","Israel","https://saily.com/esim-israel/","Standard","3","30","5.99","USD","","","2026-07-27","ISR","saily-ISR-Standard-3-30-5.99","Select 3 GB - 30 days for 5.99 USD.","","5.99","visible_text"
"saily","Israel","IL","Israel","https://saily.com/esim-israel/","Standard","5","30","7.99","USD","","","2026-07-27","ISR","saily-ISR-Standard-5-30-7.99","Select 5 GB - 30 days for 7.99 USD.","","7.99","visible_text"
"saily","Israel","IL","Israel","https://saily.com/esim-israel/","Standard","10","30","11.99","USD","","","2026-07-27","ISR","saily-ISR-Standard-10-30-11.99","Select 10 GB - 30 days for 11.99 USD.","","11.99","visible_text"
"saily","Israel","IL","Israel","https://saily.com/esim-israel/","Standard","20","30","16.99","USD","","","2026-07-27","ISR","saily-ISR-Standard-20-30-16.99","Select 20 GB - 30 days for 16.99 USD.","","16.99","visible_text"
"saily","Israel","IL","Israel","https://saily.com/esim-israel/","Unlimited","Unlimited","5","18.99","USD","","","2026-07-27","ISR","638de5ef-3527-4df3-8138-32d6ddba7b61","Select Unlimited - 5 days for 18.99 USD.","","18.99","offer_schema"
"saily","Israel","IL","Israel","https://saily.com/esim-israel/","Unlimited","Unlimited","7","26.99","USD","","","2026-07-27","ISR","cca7c1c2-7c3a-4910-9fc3-2902f0f59924","Select Unlimited - 7 days for 26.99 USD.","","26.99","offer_schema"
"saily","Israel","IL","Israel","https://saily.com/esim-israel/","Unlimited","Unlimited","10","34.99","USD","","","2026-07-27","ISR","ce992069-c67a-42d0-9d2f-1a033c5f0212","Select Unlimited - 10 days for 34.99 USD.","","34.99","offer_schema"
"saily","Israel","IL","Israel","https://saily.com/esim-israel/","Unlimited","Unlimited","15","48.99","USD","","","2026-07-27","ISR","d747b7b4-fd41-4c76-bec7-7fd2aaf608a9","Select Unlimited - 15 days for 48.99 USD.","","48.99","offer_schema"
"saily","Israel","IL","Israel","https://saily.com/esim-israel/","Unlimited","Unlimited","20","59.99","USD","","","2026-07-27","ISR","900441d7-e964-4609-889e-a6b4ee9b894f","Select Unlimited - 20 days for 59.99 USD.","","59.99","offer_schema"
"saily","Israel","IL","Israel","https://saily.com/esim-israel/","Unlimited","Unlimited","25","65.99","USD","","","2026-07-27","ISR","cf38d60a-8498-4ec5-a34c-1adcde8823af","Select Unlimited - 25 days for 65.99 USD.","","65.99","offer_schema"
"saily","Israel","IL","Israel","https://saily.com/esim-israel/","Unlimited","Unlimited","30","71.99","USD","","","2026-07-27","ISR","6390642e-b62f-4d78-a536-4c79ad1049b0","Select Unlimited - 30 days for 71.99 USD.","","71.99","offer_schema"
"saily","Italy","IT","Italy","https://saily.com/esim-italy/","Standard","1","7","3.99","USD","","","2026-07-27","ITA","saily-ITA-Standard-1-7-3.99","Select 1 GB - 7 days for 3.99 USD.","","3.99","visible_text"
"saily","Italy","IT","Italy","https://saily.com/esim-italy/","Standard","3","30","8.99","USD","","","2026-07-27","ITA","saily-ITA-Standard-3-30-8.99","Select 3 GB - 30 days for 8.99 USD.","","8.99","visible_text"
"saily","Italy","IT","Italy","https://saily.com/esim-italy/","Standard","5","30","12.99","USD","","","2026-07-27","ITA","saily-ITA-Standard-5-30-12.99","Select 5 GB - 30 days for 12.99 USD.","","12.99","visible_text"
"saily","Italy","IT","Italy","https://saily.com/esim-italy/","Standard","10","30","20.99","USD","","","2026-07-27","ITA","saily-ITA-Standard-10-30-20.99","Select 10 GB - 30 days for 20.99 USD.","","20.99","visible_text"
"saily","Italy","IT","Italy","https://saily.com/esim-italy/","Standard","20","30","28.99","USD","","","2026-07-27","ITA","saily-ITA-Standard-20-30-28.99","Select 20 GB - 30 days for 28.99 USD.","","28.99","visible_text"
"saily","Italy","IT","Italy","https://saily.com/esim-italy/","Unlimited","Unlimited","5","18.99","USD","","","2026-07-27","ITA","88069197-8475-4696-a800-bae28efac740","Select Unlimited - 5 days for 18.99 USD.","","18.99","offer_schema"
"saily","Italy","IT","Italy","https://saily.com/esim-italy/","Unlimited","Unlimited","7","26.99","USD","","","2026-07-27","ITA","d1f5d28a-4e73-445b-b39a-144a32f6ce1d","Select Unlimited - 7 days for 26.99 USD.","","26.99","offer_schema"
"saily","Italy","IT","Italy","https://saily.com/esim-italy/","Unlimited","Unlimited","10","34.99","USD","","","2026-07-27","ITA","9d9cba30-ea00-46a2-8a3c-359effc8fdf2","Select Unlimited - 10 days for 34.99 USD.","","34.99","offer_schema"
"saily","Italy","IT","Italy","https://saily.com/esim-italy/","Unlimited","Unlimited","15","48.99","USD","","","2026-07-27","ITA","7bb339aa-0a5c-4146-8b92-8a160668a4a2","Select Unlimited - 15 days for 48.99 USD.","","48.99","offer_schema"
"saily","Italy","IT","Italy","https://saily.com/esim-italy/","Unlimited","Unlimited","20","59.99","USD","","","2026-07-27","ITA","6c79104c-fd21-40e4-a339-4e805cfdfd11","Select Unlimited - 20 days for 59.99 USD.","","59.99","offer_schema"
"saily","Italy","IT","Italy","https://saily.com/esim-italy/","Unlimited","Unlimited","25","65.99","USD","","","2026-07-27","ITA","b3517566-3215-4c62-bd51-097b19d319d1","Select Unlimited - 25 days for 65.99 USD.","","65.99","offer_schema"
"saily","Italy","IT","Italy","https://saily.com/esim-italy/","Unlimited","Unlimited","30","71.99","USD","","","2026-07-27","ITA","9c60c983-21b3-453f-82a1-4067d2691033","Select Unlimited - 30 days for 71.99 USD.","","71.99","offer_schema"
"saily","Jamaica","JM","Jamaica","https://saily.com/esim-jamaica/","Standard","1","7","8.99","USD","","","2026-07-27","JAM","saily-JAM-Standard-1-7-8.99","Select 1 GB - 7 days for 8.99 USD.","","8.99","visible_text"
"saily","Jamaica","JM","Jamaica","https://saily.com/esim-jamaica/","Standard","3","30","18.99","USD","","","2026-07-27","JAM","saily-JAM-Standard-3-30-18.99","Select 3 GB - 30 days for 18.99 USD.","","18.99","visible_text"
"saily","Jamaica","JM","Jamaica","https://saily.com/esim-jamaica/","Standard","5","30","28.99","USD","","","2026-07-27","JAM","saily-JAM-Standard-5-30-28.99","Select 5 GB - 30 days for 28.99 USD.","","28.99","visible_text"
"saily","Jamaica","JM","Jamaica","https://saily.com/esim-jamaica/","Standard","10","30","39.99","USD","","","2026-07-27","JAM","saily-JAM-Standard-10-30-39.99","Select 10 GB - 30 days for 39.99 USD.","","39.99","visible_text"
"saily","Japan","JP","Japan","https://saily.com/esim-japan/","Standard","1","7","3.99","USD","","","2026-07-27","JPN","saily-JPN-Standard-1-7-3.99","Select 1 GB - 7 days for 3.99 USD.","","3.99","visible_text"
"saily","Japan","JP","Japan","https://saily.com/esim-japan/","Standard","3","30","7.99","USD","","","2026-07-27","JPN","saily-JPN-Standard-3-30-7.99","Select 3 GB - 30 days for 7.99 USD.","","7.99","visible_text"
"saily","Japan","JP","Japan","https://saily.com/esim-japan/","Standard","5","30","10.99","USD","","","2026-07-27","JPN","saily-JPN-Standard-5-30-10.99","Select 5 GB - 30 days for 10.99 USD.","","10.99","visible_text"
"saily","Japan","JP","Japan","https://saily.com/esim-japan/","Standard","10","30","17.99","USD","","","2026-07-27","JPN","saily-JPN-Standard-10-30-17.99","Select 10 GB - 30 days for 17.99 USD.","","17.99","visible_text"
"saily","Japan","JP","Japan","https://saily.com/esim-japan/","Standard","20","30","24.99","USD","","","2026-07-27","JPN","saily-JPN-Standard-20-30-24.99","Select 20 GB - 30 days for 24.99 USD.","","24.99","visible_text"
"saily","Japan","JP","Japan","https://saily.com/esim-japan/","Unlimited","Unlimited","5","18.99","USD","","","2026-07-27","JPN","4a87a7e1-d5df-4cef-a82f-befc2cf92fd8","Select Unlimited - 5 days for 18.99 USD.","","18.99","offer_schema"
"saily","Japan","JP","Japan","https://saily.com/esim-japan/","Unlimited","Unlimited","7","26.99","USD","","","2026-07-27","JPN","6a7b4b99-6cd4-4908-9435-5ca5ec73bbbe","Select Unlimited - 7 days for 26.99 USD.","","26.99","offer_schema"
"saily","Japan","JP","Japan","https://saily.com/esim-japan/","Unlimited","Unlimited","10","34.99","USD","","","2026-07-27","JPN","0311893d-d6f9-4ffb-ba80-a3f9243292f5","Select Unlimited - 10 days for 34.99 USD.","","34.99","offer_schema"
"saily","Japan","JP","Japan","https://saily.com/esim-japan/","Unlimited","Unlimited","15","48.99","USD","","","2026-07-27","JPN","ba50914d-765c-4347-b407-0452b4a42860","Select Unlimited - 15 days for 48.99 USD.","","48.99","offer_schema"
"saily","Japan","JP","Japan","https://saily.com/esim-japan/","Unlimited","Unlimited","20","59.99","USD","","","2026-07-27","JPN","0ce451cf-24f2-4efd-bf51-ffcac58018ab","Select Unlimited - 20 days for 59.99 USD.","","59.99","offer_schema"
"saily","Japan","JP","Japan","https://saily.com/esim-japan/","Unlimited","Unlimited","25","65.99","USD","","","2026-07-27","JPN","b78a2db4-584f-4e29-9f91-13ed677eefb8","Select Unlimited - 25 days for 65.99 USD.","","65.99","offer_schema"
"saily","Japan","JP","Japan","https://saily.com/esim-japan/","Unlimited","Unlimited","30","71.99","USD","","","2026-07-27","JPN","a706d511-4ce9-43be-b639-c674010a5e15","Select Unlimited - 30 days for 71.99 USD.","","71.99","offer_schema"
"saily","Jersey","JE","Jersey","https://saily.com/esim-jersey/","Standard","1","7","3.99","USD","","","2026-07-27","JEY","saily-JEY-Standard-1-7-3.99","Select 1 GB - 7 days for 3.99 USD.","","3.99","visible_text"
"saily","Jersey","JE","Jersey","https://saily.com/esim-jersey/","Standard","3","30","8.99","USD","","","2026-07-27","JEY","saily-JEY-Standard-3-30-8.99","Select 3 GB - 30 days for 8.99 USD.","","8.99","visible_text"
"saily","Jersey","JE","Jersey","https://saily.com/esim-jersey/","Standard","5","30","10.99","USD","","","2026-07-27","JEY","saily-JEY-Standard-5-30-10.99","Select 5 GB - 30 days for 10.99 USD.","","10.99","visible_text"
"saily","Jersey","JE","Jersey","https://saily.com/esim-jersey/","Standard","10","30","19.99","USD","","","2026-07-27","JEY","saily-JEY-Standard-10-30-19.99","Select 10 GB - 30 days for 19.99 USD.","","19.99","visible_text"
"saily","Jersey","JE","Jersey","https://saily.com/esim-jersey/","Standard","20","30","27.99","USD","","","2026-07-27","JEY","saily-JEY-Standard-20-30-27.99","Select 20 GB - 30 days for 27.99 USD.","","27.99","visible_text"
"saily","Jordan","JO","Jordan","https://saily.com/esim-jordan/","Standard","1","7","4.79","USD","","","2026-07-27","JOR","saily-JOR-Standard-1-7-4.79","Select 1 GB - 7 days for 4.79 USD.","","4.79","visible_text"
"saily","Jordan","JO","Jordan","https://saily.com/esim-jordan/","Standard","3","30","11.99","USD","","","2026-07-27","JOR","saily-JOR-Standard-3-30-11.99","Select 3 GB - 30 days for 11.99 USD.","","11.99","visible_text"
"saily","Jordan","JO","Jordan","https://saily.com/esim-jordan/","Standard","5","30","17.99","USD","","","2026-07-27","JOR","saily-JOR-Standard-5-30-17.99","Select 5 GB - 30 days for 17.99 USD.","","17.99","visible_text"
"saily","Jordan","JO","Jordan","https://saily.com/esim-jordan/","Standard","10","30","29.99","USD","","","2026-07-27","JOR","saily-JOR-Standard-10-30-29.99","Select 10 GB - 30 days for 29.99 USD.","","29.99","visible_text"
"saily","Jordan","JO","Jordan","https://saily.com/esim-jordan/","Standard","20","30","48.99","USD","","","2026-07-27","JOR","saily-JOR-Standard-20-30-48.99","Select 20 GB - 30 days for 48.99 USD.","","48.99","visible_text"
"saily","Kazakhstan","KZ","Kazakhstan","https://saily.com/esim-kazakhstan/","Standard","1","7","3.99","USD","","","2026-07-27","KAZ","saily-KAZ-Standard-1-7-3.99","Select 1 GB - 7 days for 3.99 USD.","","3.99","visible_text"
"saily","Kazakhstan","KZ","Kazakhstan","https://saily.com/esim-kazakhstan/","Standard","3","30","7.99","USD","","","2026-07-27","KAZ","saily-KAZ-Standard-3-30-7.99","Select 3 GB - 30 days for 7.99 USD.","","7.99","visible_text"
"saily","Kazakhstan","KZ","Kazakhstan","https://saily.com/esim-kazakhstan/","Standard","5","30","10.99","USD","","","2026-07-27","KAZ","saily-KAZ-Standard-5-30-10.99","Select 5 GB - 30 days for 10.99 USD.","","10.99","visible_text"
"saily","Kazakhstan","KZ","Kazakhstan","https://saily.com/esim-kazakhstan/","Standard","10","30","17.99","USD","","","2026-07-27","KAZ","saily-KAZ-Standard-10-30-17.99","Select 10 GB - 30 days for 17.99 USD.","","17.99","visible_text"
"saily","Kazakhstan","KZ","Kazakhstan","https://saily.com/esim-kazakhstan/","Standard","20","30","27.99","USD","","","2026-07-27","KAZ","saily-KAZ-Standard-20-30-27.99","Select 20 GB - 30 days for 27.99 USD.","","27.99","visible_text"
"saily","Kenya","KE","Kenya","https://saily.com/esim-kenya/","Standard","1","7","7.99","USD","","","2026-07-27","KEN","saily-KEN-Standard-1-7-7.99","Select 1 GB - 7 days for 7.99 USD.","","7.99","visible_text"
"saily","Kenya","KE","Kenya","https://saily.com/esim-kenya/","Standard","3","30","19.99","USD","","","2026-07-27","KEN","saily-KEN-Standard-3-30-19.99","Select 3 GB - 30 days for 19.99 USD.","","19.99","visible_text"
"saily","Kenya","KE","Kenya","https://saily.com/esim-kenya/","Standard","5","30","31.99","USD","","","2026-07-27","KEN","saily-KEN-Standard-5-30-31.99","Select 5 GB - 30 days for 31.99 USD.","","31.99","visible_text"
"saily","Kenya","KE","Kenya","https://saily.com/esim-kenya/","Standard","10","30","47.99","USD","","","2026-07-27","KEN","saily-KEN-Standard-10-30-47.99","Select 10 GB - 30 days for 47.99 USD.","","47.99","visible_text"
"saily","Kosovo","XK","Kosovo","https://saily.com/esim-kosovo/","Standard","1","7","5.99","USD","","","2026-07-27","KXK","saily-KXK-Standard-1-7-5.99","Select 1 GB - 7 days for 5.99 USD.","","5.99","visible_text"
"saily","Kosovo","XK","Kosovo","https://saily.com/esim-kosovo/","Standard","3","30","14.99","USD","","","2026-07-27","KXK","saily-KXK-Standard-3-30-14.99","Select 3 GB - 30 days for 14.99 USD.","","14.99","visible_text"
"saily","Kosovo","XK","Kosovo","https://saily.com/esim-kosovo/","Standard","5","30","22.99","USD","","","2026-07-27","KXK","saily-KXK-Standard-5-30-22.99","Select 5 GB - 30 days for 22.99 USD.","","22.99","visible_text"
"saily","Kosovo","XK","Kosovo","https://saily.com/esim-kosovo/","Standard","10","30","33.99","USD","","","2026-07-27","KXK","saily-KXK-Standard-10-30-33.99","Select 10 GB - 30 days for 33.99 USD.","","33.99","visible_text"
"saily","Kuwait","KW","Kuwait","https://saily.com/esim-kuwait/","Standard","1","7","4.49","USD","","","2026-07-27","KWT","saily-KWT-Standard-1-7-4.49","Select 1 GB - 7 days for 4.49 USD.","","4.49","visible_text"
"saily","Kuwait","KW","Kuwait","https://saily.com/esim-kuwait/","Standard","3","30","9.99","USD","","","2026-07-27","KWT","saily-KWT-Standard-3-30-9.99","Select 3 GB - 30 days for 9.99 USD.","","9.99","visible_text"
"saily","Kuwait","KW","Kuwait","https://saily.com/esim-kuwait/","Standard","5","30","14.99","USD","","","2026-07-27","KWT","saily-KWT-Standard-5-30-14.99","Select 5 GB - 30 days for 14.99 USD.","","14.99","visible_text"
"saily","Kuwait","KW","Kuwait","https://saily.com/esim-kuwait/","Standard","10","30","24.99","USD","","","2026-07-27","KWT","saily-KWT-Standard-10-30-24.99","Select 10 GB - 30 days for 24.99 USD.","","24.99","visible_text"
"saily","Kuwait","KW","Kuwait","https://saily.com/esim-kuwait/","Standard","20","30","38.99","USD","","","2026-07-27","KWT","saily-KWT-Standard-20-30-38.99","Select 20 GB - 30 days for 38.99 USD.","","38.99","visible_text"
"saily","Kyrgyzstan","KG","Kyrgyzstan","https://saily.com/esim-kyrgyzstan/","Standard","1","7","6.99","USD","","","2026-07-27","KGZ","saily-KGZ-Standard-1-7-6.99","Select 1 GB - 7 days for 6.99 USD.","","6.99","visible_text"
"saily","Kyrgyzstan","KG","Kyrgyzstan","https://saily.com/esim-kyrgyzstan/","Standard","3","30","17.99","USD","","","2026-07-27","KGZ","saily-KGZ-Standard-3-30-17.99","Select 3 GB - 30 days for 17.99 USD.","","17.99","visible_text"
"saily","Kyrgyzstan","KG","Kyrgyzstan","https://saily.com/esim-kyrgyzstan/","Standard","5","30","23.99","USD","","","2026-07-27","KGZ","saily-KGZ-Standard-5-30-23.99","Select 5 GB - 30 days for 23.99 USD.","","23.99","visible_text"
"saily","Kyrgyzstan","KG","Kyrgyzstan","https://saily.com/esim-kyrgyzstan/","Standard","10","30","37.99","USD","","","2026-07-27","KGZ","saily-KGZ-Standard-10-30-37.99","Select 10 GB - 30 days for 37.99 USD.","","37.99","visible_text"
"saily","Laos","LA","Laos","https://saily.com/esim-laos/","Standard","1","7","4.99","USD","","","2026-07-27","LAO","saily-LAO-Standard-1-7-4.99","Select 1 GB - 7 days for 4.99 USD.","","4.99","visible_text"
"saily","Laos","LA","Laos","https://saily.com/esim-laos/","Standard","3","30","11.99","USD","","","2026-07-27","LAO","saily-LAO-Standard-3-30-11.99","Select 3 GB - 30 days for 11.99 USD.","","11.99","visible_text"
"saily","Laos","LA","Laos","https://saily.com/esim-laos/","Standard","5","30","17.99","USD","","","2026-07-27","LAO","saily-LAO-Standard-5-30-17.99","Select 5 GB - 30 days for 17.99 USD.","","17.99","visible_text"
"saily","Laos","LA","Laos","https://saily.com/esim-laos/","Standard","10","30","27.99","USD","","","2026-07-27","LAO","saily-LAO-Standard-10-30-27.99","Select 10 GB - 30 days for 27.99 USD.","","27.99","visible_text"
"saily","Laos","LA","Laos","https://saily.com/esim-laos/","Standard","20","30","45.99","USD","","","2026-07-27","LAO","saily-LAO-Standard-20-30-45.99","Select 20 GB - 30 days for 45.99 USD.","","45.99","visible_text"
"saily","Latvia","LV","Latvia","https://saily.com/esim-latvia/","Standard","1","7","3.99","USD","","","2026-07-27","LVA","saily-LVA-Standard-1-7-3.99","Select 1 GB - 7 days for 3.99 USD.","","3.99","visible_text"
"saily","Latvia","LV","Latvia","https://saily.com/esim-latvia/","Standard","3","30","7.99","USD","","","2026-07-27","LVA","saily-LVA-Standard-3-30-7.99","Select 3 GB - 30 days for 7.99 USD.","","7.99","visible_text"
"saily","Latvia","LV","Latvia","https://saily.com/esim-latvia/","Standard","5","30","10.99","USD","","","2026-07-27","LVA","saily-LVA-Standard-5-30-10.99","Select 5 GB - 30 days for 10.99 USD.","","10.99","visible_text"
"saily","Latvia","LV","Latvia","https://saily.com/esim-latvia/","Standard","10","30","17.99","USD","","","2026-07-27","LVA","saily-LVA-Standard-10-30-17.99","Select 10 GB - 30 days for 17.99 USD.","","17.99","visible_text"
"saily","Latvia","LV","Latvia","https://saily.com/esim-latvia/","Standard","20","30","27.99","USD","","","2026-07-27","LVA","saily-LVA-Standard-20-30-27.99","Select 20 GB - 30 days for 27.99 USD.","","27.99","visible_text"
"saily","Latvia","LV","Latvia","https://saily.com/esim-latvia/","Unlimited","Unlimited","5","18.99","USD","","","2026-07-27","LVA","14ac9e01-71e2-43f6-86d8-8075a1cf8253","Select Unlimited - 5 days for 18.99 USD.","","18.99","offer_schema"
"saily","Latvia","LV","Latvia","https://saily.com/esim-latvia/","Unlimited","Unlimited","7","26.99","USD","","","2026-07-27","LVA","25bab098-370a-4dfa-a842-d46406a5ca01","Select Unlimited - 7 days for 26.99 USD.","","26.99","offer_schema"
"saily","Latvia","LV","Latvia","https://saily.com/esim-latvia/","Unlimited","Unlimited","10","34.99","USD","","","2026-07-27","LVA","ea32f9af-c8d2-417a-885e-c3dece63208b","Select Unlimited - 10 days for 34.99 USD.","","34.99","offer_schema"
"saily","Latvia","LV","Latvia","https://saily.com/esim-latvia/","Unlimited","Unlimited","15","48.99","USD","","","2026-07-27","LVA","5a62fa03-0add-47b2-9c70-bfa22460e1f2","Select Unlimited - 15 days for 48.99 USD.","","48.99","offer_schema"
"saily","Latvia","LV","Latvia","https://saily.com/esim-latvia/","Unlimited","Unlimited","20","59.99","USD","","","2026-07-27","LVA","d154f101-b877-4378-97c6-2f027251d640","Select Unlimited - 20 days for 59.99 USD.","","59.99","offer_schema"
"saily","Latvia","LV","Latvia","https://saily.com/esim-latvia/","Unlimited","Unlimited","25","65.99","USD","","","2026-07-27","LVA","6dc584ef-d9a2-4204-a6dc-bc44059a76a1","Select Unlimited - 25 days for 65.99 USD.","","65.99","offer_schema"
"saily","Latvia","LV","Latvia","https://saily.com/esim-latvia/","Unlimited","Unlimited","30","71.99","USD","","","2026-07-27","LVA","8d9ad7f3-e3af-4d62-b8eb-cc023de4cd11","Select Unlimited - 30 days for 71.99 USD.","","71.99","offer_schema"
"saily","Lesotho","LS","Lesotho","https://saily.com/esim-lesotho/","Standard","1","7","8.49","USD","","","2026-07-27","LSO","saily-LSO-Standard-1-7-8.49","Select 1 GB - 7 days for 8.49 USD.","","8.49","visible_text"
"saily","Lesotho","LS","Lesotho","https://saily.com/esim-lesotho/","Standard","3","30","16.99","USD","","","2026-07-27","LSO","saily-LSO-Standard-3-30-16.99","Select 3 GB - 30 days for 16.99 USD.","","16.99","visible_text"
"saily","Lesotho","LS","Lesotho","https://saily.com/esim-lesotho/","Standard","5","30","22.99","USD","","","2026-07-27","LSO","saily-LSO-Standard-5-30-22.99","Select 5 GB - 30 days for 22.99 USD.","","22.99","visible_text"
"saily","Liberia","LR","Liberia","https://saily.com/esim-liberia/","Standard","1","7","5.79","USD","","","2026-07-27","LBR","saily-LBR-Standard-1-7-5.79","Select 1 GB - 7 days for 5.79 USD.","","5.79","visible_text"
"saily","Liberia","LR","Liberia","https://saily.com/esim-liberia/","Standard","3","30","13.99","USD","","","2026-07-27","LBR","saily-LBR-Standard-3-30-13.99","Select 3 GB - 30 days for 13.99 USD.","","13.99","visible_text"
"saily","Liberia","LR","Liberia","https://saily.com/esim-liberia/","Standard","5","30","19.99","USD","","","2026-07-27","LBR","saily-LBR-Standard-5-30-19.99","Select 5 GB - 30 days for 19.99 USD.","","19.99","visible_text"
"saily","Liberia","LR","Liberia","https://saily.com/esim-liberia/","Standard","10","30","31.99","USD","","","2026-07-27","LBR","saily-LBR-Standard-10-30-31.99","Select 10 GB - 30 days for 31.99 USD.","","31.99","visible_text"
"saily","Liechtenstein","LI","Liechtenstein","https://saily.com/esim-liechtenstein/","Standard","1","7","3.99","USD","","","2026-07-27","LIE","saily-LIE-Standard-1-7-3.99","Select 1 GB - 7 days for 3.99 USD.","","3.99","visible_text"
"saily","Liechtenstein","LI","Liechtenstein","https://saily.com/esim-liechtenstein/","Standard","3","30","7.99","USD","","","2026-07-27","LIE","saily-LIE-Standard-3-30-7.99","Select 3 GB - 30 days for 7.99 USD.","","7.99","visible_text"
"saily","Liechtenstein","LI","Liechtenstein","https://saily.com/esim-liechtenstein/","Standard","5","30","10.99","USD","","","2026-07-27","LIE","saily-LIE-Standard-5-30-10.99","Select 5 GB - 30 days for 10.99 USD.","","10.99","visible_text"
"saily","Liechtenstein","LI","Liechtenstein","https://saily.com/esim-liechtenstein/","Standard","10","30","17.99","USD","","","2026-07-27","LIE","saily-LIE-Standard-10-30-17.99","Select 10 GB - 30 days for 17.99 USD.","","17.99","visible_text"
"saily","Liechtenstein","LI","Liechtenstein","https://saily.com/esim-liechtenstein/","Standard","20","30","27.99","USD","","","2026-07-27","LIE","saily-LIE-Standard-20-30-27.99","Select 20 GB - 30 days for 27.99 USD.","","27.99","visible_text"
"saily","Lithuania","LT","Lithuania","https://saily.com/esim-lithuania/","Standard","1","7","3.99","USD","","","2026-07-27","LTU","saily-LTU-Standard-1-7-3.99","Select 1 GB - 7 days for 3.99 USD.","","3.99","visible_text"
"saily","Lithuania","LT","Lithuania","https://saily.com/esim-lithuania/","Standard","3","30","7.99","USD","","","2026-07-27","LTU","saily-LTU-Standard-3-30-7.99","Select 3 GB - 30 days for 7.99 USD.","","7.99","visible_text"
"saily","Lithuania","LT","Lithuania","https://saily.com/esim-lithuania/","Standard","5","30","11.99","USD","","","2026-07-27","LTU","saily-LTU-Standard-5-30-11.99","Select 5 GB - 30 days for 11.99 USD.","","11.99","visible_text"
"saily","Lithuania","LT","Lithuania","https://saily.com/esim-lithuania/","Standard","10","30","18.99","USD","","","2026-07-27","LTU","saily-LTU-Standard-10-30-18.99","Select 10 GB - 30 days for 18.99 USD.","","18.99","visible_text"
"saily","Lithuania","LT","Lithuania","https://saily.com/esim-lithuania/","Standard","20","30","29.99","USD","","","2026-07-27","LTU","saily-LTU-Standard-20-30-29.99","Select 20 GB - 30 days for 29.99 USD.","","29.99","visible_text"
"saily","Lithuania","LT","Lithuania","https://saily.com/esim-lithuania/","Unlimited","Unlimited","5","18.99","USD","","","2026-07-27","LTU","8c71aca5-1854-4e3d-a694-adbd3f9fd507","Select Unlimited - 5 days for 18.99 USD.","","18.99","offer_schema"
"saily","Lithuania","LT","Lithuania","https://saily.com/esim-lithuania/","Unlimited","Unlimited","7","26.99","USD","","","2026-07-27","LTU","3789e337-742e-4760-9132-7623cd317cd3","Select Unlimited - 7 days for 26.99 USD.","","26.99","offer_schema"
"saily","Lithuania","LT","Lithuania","https://saily.com/esim-lithuania/","Unlimited","Unlimited","10","34.99","USD","","","2026-07-27","LTU","a11a3a87-b309-485f-b10f-cc6e823ec2f7","Select Unlimited - 10 days for 34.99 USD.","","34.99","offer_schema"
"saily","Lithuania","LT","Lithuania","https://saily.com/esim-lithuania/","Unlimited","Unlimited","15","48.99","USD","","","2026-07-27","LTU","1b887fb3-1e4d-4d87-aee3-9e9e5c8ad8af","Select Unlimited - 15 days for 48.99 USD.","","48.99","offer_schema"
"saily","Lithuania","LT","Lithuania","https://saily.com/esim-lithuania/","Unlimited","Unlimited","20","59.99","USD","","","2026-07-27","LTU","b4a70349-e424-4809-a4d9-81399348d77f","Select Unlimited - 20 days for 59.99 USD.","","59.99","offer_schema"
"saily","Lithuania","LT","Lithuania","https://saily.com/esim-lithuania/","Unlimited","Unlimited","25","65.99","USD","","","2026-07-27","LTU","91d1a845-081f-41af-a3ce-e0a11b8c46e1","Select Unlimited - 25 days for 65.99 USD.","","65.99","offer_schema"
"saily","Lithuania","LT","Lithuania","https://saily.com/esim-lithuania/","Unlimited","Unlimited","30","71.99","USD","","","2026-07-27","LTU","fdf3eeb9-0e31-4f8f-8f27-b8e3bfab552d","Select Unlimited - 30 days for 71.99 USD.","","71.99","offer_schema"
"saily","Luxembourg","LU","Luxembourg","https://saily.com/esim-luxembourg/","Standard","1","7","3.99","USD","","","2026-07-27","LUX","saily-LUX-Standard-1-7-3.99","Select 1 GB - 7 days for 3.99 USD.","","3.99","visible_text"
"saily","Luxembourg","LU","Luxembourg","https://saily.com/esim-luxembourg/","Standard","3","30","7.99","USD","","","2026-07-27","LUX","saily-LUX-Standard-3-30-7.99","Select 3 GB - 30 days for 7.99 USD.","","7.99","visible_text"
"saily","Luxembourg","LU","Luxembourg","https://saily.com/esim-luxembourg/","Standard","5","30","11.99","USD","","","2026-07-27","LUX","saily-LUX-Standard-5-30-11.99","Select 5 GB - 30 days for 11.99 USD.","","11.99","visible_text"
"saily","Luxembourg","LU","Luxembourg","https://saily.com/esim-luxembourg/","Standard","10","30","18.99","USD","","","2026-07-27","LUX","saily-LUX-Standard-10-30-18.99","Select 10 GB - 30 days for 18.99 USD.","","18.99","visible_text"
"saily","Luxembourg","LU","Luxembourg","https://saily.com/esim-luxembourg/","Standard","20","30","29.99","USD","","","2026-07-27","LUX","saily-LUX-Standard-20-30-29.99","Select 20 GB - 30 days for 29.99 USD.","","29.99","visible_text"
"saily","Luxembourg","LU","Luxembourg","https://saily.com/esim-luxembourg/","Unlimited","Unlimited","5","18.99","USD","","","2026-07-27","LUX","cbd57405-6630-4d27-a296-382dc7b257d6","Select Unlimited - 5 days for 18.99 USD.","","18.99","offer_schema"
"saily","Luxembourg","LU","Luxembourg","https://saily.com/esim-luxembourg/","Unlimited","Unlimited","7","26.99","USD","","","2026-07-27","LUX","903c0c68-529c-4cc1-bf0a-74d31a2463c6","Select Unlimited - 7 days for 26.99 USD.","","26.99","offer_schema"
"saily","Luxembourg","LU","Luxembourg","https://saily.com/esim-luxembourg/","Unlimited","Unlimited","10","34.99","USD","","","2026-07-27","LUX","2d741d23-9897-4d08-8fee-38c14aea28cc","Select Unlimited - 10 days for 34.99 USD.","","34.99","offer_schema"
"saily","Luxembourg","LU","Luxembourg","https://saily.com/esim-luxembourg/","Unlimited","Unlimited","15","48.99","USD","","","2026-07-27","LUX","a2683fef-8b8b-412c-a475-580809ca0a76","Select Unlimited - 15 days for 48.99 USD.","","48.99","offer_schema"
"saily","Luxembourg","LU","Luxembourg","https://saily.com/esim-luxembourg/","Unlimited","Unlimited","20","59.99","USD","","","2026-07-27","LUX","9534ae66-0314-4987-b641-583a360699a8","Select Unlimited - 20 days for 59.99 USD.","","59.99","offer_schema"
"saily","Luxembourg","LU","Luxembourg","https://saily.com/esim-luxembourg/","Unlimited","Unlimited","25","65.99","USD","","","2026-07-27","LUX","089b592d-2a58-4c89-8159-d0ac28210906","Select Unlimited - 25 days for 65.99 USD.","","65.99","offer_schema"
"saily","Luxembourg","LU","Luxembourg","https://saily.com/esim-luxembourg/","Unlimited","Unlimited","30","71.99","USD","","","2026-07-27","LUX","06c32471-4316-4a2c-8605-02b6f74b73db","Select Unlimited - 30 days for 71.99 USD.","","71.99","offer_schema"
"saily","Malaysia","MY","Malaysia","https://saily.com/esim-malaysia/","Standard","1","7","3.99","USD","","","2026-07-27","MYS","saily-MYS-Standard-1-7-3.99","Select 1 GB - 7 days for 3.99 USD.","","3.99","visible_text"
"saily","Malaysia","MY","Malaysia","https://saily.com/esim-malaysia/","Standard","3","30","8.99","USD","","","2026-07-27","MYS","saily-MYS-Standard-3-30-8.99","Select 3 GB - 30 days for 8.99 USD.","","8.99","visible_text"
"saily","Malaysia","MY","Malaysia","https://saily.com/esim-malaysia/","Standard","5","30","12.99","USD","","","2026-07-27","MYS","saily-MYS-Standard-5-30-12.99","Select 5 GB - 30 days for 12.99 USD.","","12.99","visible_text"
"saily","Malaysia","MY","Malaysia","https://saily.com/esim-malaysia/","Standard","10","30","21.99","USD","","","2026-07-27","MYS","saily-MYS-Standard-10-30-21.99","Select 10 GB - 30 days for 21.99 USD.","","21.99","visible_text"
"saily","Malaysia","MY","Malaysia","https://saily.com/esim-malaysia/","Standard","20","30","35.99","USD","","","2026-07-27","MYS","saily-MYS-Standard-20-30-35.99","Select 20 GB - 30 days for 35.99 USD.","","35.99","visible_text"
"saily","Malaysia","MY","Malaysia","https://saily.com/esim-malaysia/","Unlimited","Unlimited","5","18.99","USD","","","2026-07-27","MYS","f6db623f-ae67-4dbe-92f1-f40133aba5d2","Select Unlimited - 5 days for 18.99 USD.","","18.99","offer_schema"
"saily","Malaysia","MY","Malaysia","https://saily.com/esim-malaysia/","Unlimited","Unlimited","7","26.99","USD","","","2026-07-27","MYS","2767e901-a61c-469a-931e-05b613759697","Select Unlimited - 7 days for 26.99 USD.","","26.99","offer_schema"
"saily","Malaysia","MY","Malaysia","https://saily.com/esim-malaysia/","Unlimited","Unlimited","10","34.99","USD","","","2026-07-27","MYS","2359fa71-c444-4d42-9a27-f8951c040d25","Select Unlimited - 10 days for 34.99 USD.","","34.99","offer_schema"
"saily","Malaysia","MY","Malaysia","https://saily.com/esim-malaysia/","Unlimited","Unlimited","15","48.99","USD","","","2026-07-27","MYS","236266b1-f44f-46d8-95aa-3866798fbf54","Select Unlimited - 15 days for 48.99 USD.","","48.99","offer_schema"
"saily","Malaysia","MY","Malaysia","https://saily.com/esim-malaysia/","Unlimited","Unlimited","20","59.99","USD","","","2026-07-27","MYS","50b765b6-6307-428f-93d6-0b07d8eecaea","Select Unlimited - 20 days for 59.99 USD.","","59.99","offer_schema"
"saily","Malaysia","MY","Malaysia","https://saily.com/esim-malaysia/","Unlimited","Unlimited","25","65.99","USD","","","2026-07-27","MYS","a58a62ec-6248-442b-8961-5afae6d9f714","Select Unlimited - 25 days for 65.99 USD.","","65.99","offer_schema"
"saily","Malaysia","MY","Malaysia","https://saily.com/esim-malaysia/","Unlimited","Unlimited","30","71.99","USD","","","2026-07-27","MYS","b4295156-2686-4f5d-ae99-af7d62d788b5","Select Unlimited - 30 days for 71.99 USD.","","71.99","offer_schema"
"saily","Maldives","MV","Maldives","https://saily.com/esim-maldives/","Standard","1","7","14.99","USD","","","2026-07-27","MDV","saily-MDV-Standard-1-7-14.99","Select 1 GB - 7 days for 14.99 USD.","","14.99","visible_text"
"saily","Mali","ML","Mali","https://saily.com/esim-mali/","Standard","1","7","6.99","USD","","","2026-07-27","MLI","saily-MLI-Standard-1-7-6.99","Select 1 GB - 7 days for 6.99 USD.","","6.99","visible_text"
"saily","Mali","ML","Mali","https://saily.com/esim-mali/","Standard","3","30","16.99","USD","","","2026-07-27","MLI","saily-MLI-Standard-3-30-16.99","Select 3 GB - 30 days for 16.99 USD.","","16.99","visible_text"
"saily","Mali","ML","Mali","https://saily.com/esim-mali/","Standard","5","30","26.99","USD","","","2026-07-27","MLI","saily-MLI-Standard-5-30-26.99","Select 5 GB - 30 days for 26.99 USD.","","26.99","visible_text"
"saily","Mali","ML","Mali","https://saily.com/esim-mali/","Standard","10","30","42.99","USD","","","2026-07-27","MLI","saily-MLI-Standard-10-30-42.99","Select 10 GB - 30 days for 42.99 USD.","","42.99","visible_text"
"saily","Malta","MT","Malta","https://saily.com/esim-malta/","Standard","1","7","4.49","USD","","","2026-07-27","MLT","saily-MLT-Standard-1-7-4.49","Select 1 GB - 7 days for 4.49 USD.","","4.49","visible_text"
"saily","Malta","MT","Malta","https://saily.com/esim-malta/","Standard","3","30","8.99","USD","","","2026-07-27","MLT","saily-MLT-Standard-3-30-8.99","Select 3 GB - 30 days for 8.99 USD.","","8.99","visible_text"
"saily","Malta","MT","Malta","https://saily.com/esim-malta/","Standard","5","30","12.99","USD","","","2026-07-27","MLT","saily-MLT-Standard-5-30-12.99","Select 5 GB - 30 days for 12.99 USD.","","12.99","visible_text"
"saily","Malta","MT","Malta","https://saily.com/esim-malta/","Standard","10","30","19.99","USD","","","2026-07-27","MLT","saily-MLT-Standard-10-30-19.99","Select 10 GB - 30 days for 19.99 USD.","","19.99","visible_text"
"saily","Malta","MT","Malta","https://saily.com/esim-malta/","Standard","20","30","27.99","USD","","","2026-07-27","MLT","saily-MLT-Standard-20-30-27.99","Select 20 GB - 30 days for 27.99 USD.","","27.99","visible_text"
"saily","Malta","MT","Malta","https://saily.com/esim-malta/","Unlimited","Unlimited","5","18.99","USD","","","2026-07-27","MLT","833da1f7-00f5-483a-ab60-d45959222b94","Select Unlimited - 5 days for 18.99 USD.","","18.99","offer_schema"
"saily","Malta","MT","Malta","https://saily.com/esim-malta/","Unlimited","Unlimited","7","26.99","USD","","","2026-07-27","MLT","8e9a258c-233a-4ed8-946f-e0ab620de078","Select Unlimited - 7 days for 26.99 USD.","","26.99","offer_schema"
"saily","Malta","MT","Malta","https://saily.com/esim-malta/","Unlimited","Unlimited","10","34.99","USD","","","2026-07-27","MLT","65667a2a-17fb-46c8-a6df-fa6f176d4672","Select Unlimited - 10 days for 34.99 USD.","","34.99","offer_schema"
"saily","Malta","MT","Malta","https://saily.com/esim-malta/","Unlimited","Unlimited","15","48.99","USD","","","2026-07-27","MLT","6a780c15-19be-43f5-97f1-b79519aca9f6","Select Unlimited - 15 days for 48.99 USD.","","48.99","offer_schema"
"saily","Malta","MT","Malta","https://saily.com/esim-malta/","Unlimited","Unlimited","20","59.99","USD","","","2026-07-27","MLT","fd822a93-2b2f-4a3f-b4f9-9fbfd96ae0e0","Select Unlimited - 20 days for 59.99 USD.","","59.99","offer_schema"
"saily","Malta","MT","Malta","https://saily.com/esim-malta/","Unlimited","Unlimited","25","65.99","USD","","","2026-07-27","MLT","a1ff9af3-9498-4a01-a5c9-a27ee89ab8c4","Select Unlimited - 25 days for 65.99 USD.","","65.99","offer_schema"
"saily","Malta","MT","Malta","https://saily.com/esim-malta/","Unlimited","Unlimited","30","71.99","USD","","","2026-07-27","MLT","41af7ed6-cae0-42e0-8125-b07325309f81","Select Unlimited - 30 days for 71.99 USD.","","71.99","offer_schema"
"saily","Mauritius","MU","Mauritius","https://saily.com/esim-mauritius/","Standard","1","7","7.49","USD","","","2026-07-27","MUS","saily-MUS-Standard-1-7-7.49","Select 1 GB - 7 days for 7.49 USD.","","7.49","visible_text"
"saily","Mauritius","MU","Mauritius","https://saily.com/esim-mauritius/","Standard","3","30","18.99","USD","","","2026-07-27","MUS","saily-MUS-Standard-3-30-18.99","Select 3 GB - 30 days for 18.99 USD.","","18.99","visible_text"
"saily","Mauritius","MU","Mauritius","https://saily.com/esim-mauritius/","Standard","5","30","29.99","USD","","","2026-07-27","MUS","saily-MUS-Standard-5-30-29.99","Select 5 GB - 30 days for 29.99 USD.","","29.99","visible_text"
"saily","Mauritius","MU","Mauritius","https://saily.com/esim-mauritius/","Standard","10","30","45.99","USD","","","2026-07-27","MUS","saily-MUS-Standard-10-30-45.99","Select 10 GB - 30 days for 45.99 USD.","","45.99","visible_text"
"saily","Mexico","MX","Mexico","https://saily.com/esim-mexico/","Standard","1","7","4.99","USD","","","2026-07-27","MEX","saily-MEX-Standard-1-7-4.99","Select 1 GB - 7 days for 4.99 USD.","","4.99","visible_text"
"saily","Mexico","MX","Mexico","https://saily.com/esim-mexico/","Standard","3","30","11.99","USD","","","2026-07-27","MEX","saily-MEX-Standard-3-30-11.99","Select 3 GB - 30 days for 11.99 USD.","","11.99","visible_text"
"saily","Mexico","MX","Mexico","https://saily.com/esim-mexico/","Standard","5","30","16.99","USD","","","2026-07-27","MEX","saily-MEX-Standard-5-30-16.99","Select 5 GB - 30 days for 16.99 USD.","","16.99","visible_text"
"saily","Mexico","MX","Mexico","https://saily.com/esim-mexico/","Standard","10","30","24.99","USD","","","2026-07-27","MEX","saily-MEX-Standard-10-30-24.99","Select 10 GB - 30 days for 24.99 USD.","","24.99","visible_text"
"saily","Mexico","MX","Mexico","https://saily.com/esim-mexico/","Standard","20","30","45.99","USD","","","2026-07-27","MEX","saily-MEX-Standard-20-30-45.99","Select 20 GB - 30 days for 45.99 USD.","","45.99","visible_text"
"saily","Mexico","MX","Mexico","https://saily.com/esim-mexico/","Unlimited","Unlimited","5","18.99","USD","","","2026-07-27","MEX","94a1473e-5448-4ab6-943e-96effb53305f","Select Unlimited - 5 days for 18.99 USD.","","18.99","offer_schema"
"saily","Mexico","MX","Mexico","https://saily.com/esim-mexico/","Unlimited","Unlimited","7","26.99","USD","","","2026-07-27","MEX","812c7cc8-0d20-456d-9499-9686267232f7","Select Unlimited - 7 days for 26.99 USD.","","26.99","offer_schema"
"saily","Mexico","MX","Mexico","https://saily.com/esim-mexico/","Unlimited","Unlimited","10","34.99","USD","","","2026-07-27","MEX","4b044373-de92-4274-affe-3ecb142a9602","Select Unlimited - 10 days for 34.99 USD.","","34.99","offer_schema"
"saily","Mexico","MX","Mexico","https://saily.com/esim-mexico/","Unlimited","Unlimited","15","48.99","USD","","","2026-07-27","MEX","faad1cbe-898e-494d-8d6c-96e3f53d92f5","Select Unlimited - 15 days for 48.99 USD.","","48.99","offer_schema"
"saily","Mexico","MX","Mexico","https://saily.com/esim-mexico/","Unlimited","Unlimited","20","59.99","USD","","","2026-07-27","MEX","76cf9415-bb0d-41c6-9c93-633e04452109","Select Unlimited - 20 days for 59.99 USD.","","59.99","offer_schema"
"saily","Mexico","MX","Mexico","https://saily.com/esim-mexico/","Unlimited","Unlimited","25","65.99","USD","","","2026-07-27","MEX","09808b37-b915-4048-b6f5-ed2e34ceafcf","Select Unlimited - 25 days for 65.99 USD.","","65.99","offer_schema"
"saily","Mexico","MX","Mexico","https://saily.com/esim-mexico/","Unlimited","Unlimited","30","71.99","USD","","","2026-07-27","MEX","26112c42-26ff-40a5-a2ad-b165dcfd6707","Select Unlimited - 30 days for 71.99 USD.","","71.99","offer_schema"
"saily","Moldova","MD","Moldova","https://saily.com/esim-moldova/","Standard","1","7","4.49","USD","","","2026-07-27","MDA","saily-MDA-Standard-1-7-4.49","Select 1 GB - 7 days for 4.49 USD.","","4.49","visible_text"
"saily","Moldova","MD","Moldova","https://saily.com/esim-moldova/","Standard","3","30","11.49","USD","","","2026-07-27","MDA","saily-MDA-Standard-3-30-11.49","Select 3 GB - 30 days for 11.49 USD.","","11.49","visible_text"
"saily","Moldova","MD","Moldova","https://saily.com/esim-moldova/","Standard","5","30","16.99","USD","","","2026-07-27","MDA","saily-MDA-Standard-5-30-16.99","Select 5 GB - 30 days for 16.99 USD.","","16.99","visible_text"
"saily","Moldova","MD","Moldova","https://saily.com/esim-moldova/","Standard","10","30","29.49","USD","","","2026-07-27","MDA","saily-MDA-Standard-10-30-29.49","Select 10 GB - 30 days for 29.49 USD.","","29.49","visible_text"
"saily","Moldova","MD","Moldova","https://saily.com/esim-moldova/","Standard","20","30","45.99","USD","","","2026-07-27","MDA","saily-MDA-Standard-20-30-45.99","Select 20 GB - 30 days for 45.99 USD.","","45.99","visible_text"
"saily","Monaco","MC","Monaco","https://saily.com/esim-monaco/","Standard","1","7","8.49","USD","","","2026-07-27","MCO","saily-MCO-Standard-1-7-8.49","Select 1 GB - 7 days for 8.49 USD.","","8.49","visible_text"
"saily","Monaco","MC","Monaco","https://saily.com/esim-monaco/","Standard","3","30","20.99","USD","","","2026-07-27","MCO","saily-MCO-Standard-3-30-20.99","Select 3 GB - 30 days for 20.99 USD.","","20.99","visible_text"
"saily","Monaco","MC","Monaco","https://saily.com/esim-monaco/","Standard","5","30","28.99","USD","","","2026-07-27","MCO","saily-MCO-Standard-5-30-28.99","Select 5 GB - 30 days for 28.99 USD.","","28.99","visible_text"
"saily","Monaco","MC","Monaco","https://saily.com/esim-monaco/","Standard","10","30","47.99","USD","","","2026-07-27","MCO","saily-MCO-Standard-10-30-47.99","Select 10 GB - 30 days for 47.99 USD.","","47.99","visible_text"
"saily","Montenegro","ME","Montenegro","https://saily.com/esim-montenegro/","Standard","1","7","3.99","USD","","","2026-07-27","MNE","saily-MNE-Standard-1-7-3.99","Select 1 GB - 7 days for 3.99 USD.","","3.99","visible_text"
"saily","Montenegro","ME","Montenegro","https://saily.com/esim-montenegro/","Standard","3","30","8.99","USD","","","2026-07-27","MNE","saily-MNE-Standard-3-30-8.99","Select 3 GB - 30 days for 8.99 USD.","","8.99","visible_text"
"saily","Montenegro","ME","Montenegro","https://saily.com/esim-montenegro/","Standard","5","30","12.99","USD","","","2026-07-27","MNE","saily-MNE-Standard-5-30-12.99","Select 5 GB - 30 days for 12.99 USD.","","12.99","visible_text"
"saily","Montenegro","ME","Montenegro","https://saily.com/esim-montenegro/","Standard","10","30","21.99","USD","","","2026-07-27","MNE","saily-MNE-Standard-10-30-21.99","Select 10 GB - 30 days for 21.99 USD.","","21.99","visible_text"
"saily","Montenegro","ME","Montenegro","https://saily.com/esim-montenegro/","Standard","20","30","35.99","USD","","","2026-07-27","MNE","saily-MNE-Standard-20-30-35.99","Select 20 GB - 30 days for 35.99 USD.","","35.99","visible_text"
"saily","Montenegro","ME","Montenegro","https://saily.com/esim-montenegro/","Unlimited","Unlimited","5","27.99","USD","","","2026-07-27","MNE","ed601495-6336-4aab-bdef-ce3662c208e4","Select Unlimited - 5 days for 27.99 USD.","","27.99","offer_schema"
"saily","Montenegro","ME","Montenegro","https://saily.com/esim-montenegro/","Unlimited","Unlimited","7","35.99","USD","","","2026-07-27","MNE","a5e13308-5127-4527-8ae7-32715666cbb1","Select Unlimited - 7 days for 35.99 USD.","","35.99","offer_schema"
"saily","Montenegro","ME","Montenegro","https://saily.com/esim-montenegro/","Unlimited","Unlimited","10","36.99","USD","","","2026-07-27","MNE","dc4b60bc-f291-4c35-8983-4385d22281de","Select Unlimited - 10 days for 36.99 USD.","","36.99","offer_schema"
"saily","Montenegro","ME","Montenegro","https://saily.com/esim-montenegro/","Unlimited","Unlimited","15","48.99","USD","","","2026-07-27","MNE","00abfc55-19f0-4536-9249-df5c1874f4eb","Select Unlimited - 15 days for 48.99 USD.","","48.99","offer_schema"
"saily","Montenegro","ME","Montenegro","https://saily.com/esim-montenegro/","Unlimited","Unlimited","20","63.99","USD","","","2026-07-27","MNE","b382c143-962f-47bc-a90f-a9fde687f8f8","Select Unlimited - 20 days for 63.99 USD.","","63.99","offer_schema"
"saily","Montenegro","ME","Montenegro","https://saily.com/esim-montenegro/","Unlimited","Unlimited","25","79.99","USD","","","2026-07-27","MNE","357f4f8a-e5e3-4184-ba34-ed3bfc3a01fd","Select Unlimited - 25 days for 79.99 USD.","","79.99","offer_schema"
"saily","Montenegro","ME","Montenegro","https://saily.com/esim-montenegro/","Unlimited","Unlimited","30","95.99","USD","","","2026-07-27","MNE","f830697d-0875-4d0c-b751-1c28c51921a1","Select Unlimited - 30 days for 95.99 USD.","","95.99","offer_schema"
"saily","Morocco","MA","Morocco","https://saily.com/esim-morocco/","Standard","1","7","8.99","USD","","","2026-07-27","MAR","saily-MAR-Standard-1-7-8.99","Select 1 GB - 7 days for 8.99 USD.","","8.99","visible_text"
"saily","Morocco","MA","Morocco","https://saily.com/esim-morocco/","Standard","3","30","15.99","USD","","","2026-07-27","MAR","saily-MAR-Standard-3-30-15.99","Select 3 GB - 30 days for 15.99 USD.","","15.99","visible_text"
"saily","Morocco","MA","Morocco","https://saily.com/esim-morocco/","Standard","5","30","21.99","USD","","","2026-07-27","MAR","saily-MAR-Standard-5-30-21.99","Select 5 GB - 30 days for 21.99 USD.","","21.99","visible_text"
"saily","Morocco","MA","Morocco","https://saily.com/esim-morocco/","Standard","10","30","33.99","USD","","","2026-07-27","MAR","saily-MAR-Standard-10-30-33.99","Select 10 GB - 30 days for 33.99 USD.","","33.99","visible_text"
"saily","Morocco","MA","Morocco","https://saily.com/esim-morocco/","Standard","20","30","42.99","USD","","","2026-07-27","MAR","saily-MAR-Standard-20-30-42.99","Select 20 GB - 30 days for 42.99 USD.","","42.99","visible_text"
"saily","Morocco","MA","Morocco","https://saily.com/esim-morocco/","Unlimited","Unlimited","10","35.99","USD","","","2026-07-27","MAR","1f96d8c1-5b73-406b-ac4d-c35d93559219","Select Unlimited - 10 days for 35.99 USD.","","35.99","offer_schema"
"saily","Morocco","MA","Morocco","https://saily.com/esim-morocco/","Unlimited","Unlimited","15","48.99","USD","","","2026-07-27","MAR","4a63ed4e-a3ef-4c83-a066-1f7dfa0f3c74","Select Unlimited - 15 days for 48.99 USD.","","48.99","offer_schema"
"saily","Morocco","MA","Morocco","https://saily.com/esim-morocco/","Unlimited","Unlimited","20","59.99","USD","","","2026-07-27","MAR","523afbee-57d7-4352-9f04-cba348857700","Select Unlimited - 20 days for 59.99 USD.","","59.99","offer_schema"
"saily","Morocco","MA","Morocco","https://saily.com/esim-morocco/","Unlimited","Unlimited","25","74.99","USD","","","2026-07-27","MAR","94914f4f-84a8-4f26-ab3a-43b85d494782","Select Unlimited - 25 days for 74.99 USD.","","74.99","offer_schema"
"saily","Morocco","MA","Morocco","https://saily.com/esim-morocco/","Unlimited","Unlimited","30","89.99","USD","","","2026-07-27","MAR","3f11d22f-bf35-4696-8bf3-bad2313cca02","Select Unlimited - 30 days for 89.99 USD.","","89.99","offer_schema"
"saily","Nepal","NP","Nepal","https://saily.com/esim-nepal/","Standard","1","7","9.99","USD","","","2026-07-27","NPL","saily-NPL-Standard-1-7-9.99","Select 1 GB - 7 days for 9.99 USD.","","9.99","visible_text"
"saily","Nepal","NP","Nepal","https://saily.com/esim-nepal/","Standard","3","30","29.99","USD","","","2026-07-27","NPL","saily-NPL-Standard-3-30-29.99","Select 3 GB - 30 days for 29.99 USD.","","29.99","visible_text"
"saily","Nepal","NP","Nepal","https://saily.com/esim-nepal/","Standard","5","30","48.99","USD","","","2026-07-27","NPL","saily-NPL-Standard-5-30-48.99","Select 5 GB - 30 days for 48.99 USD.","","48.99","visible_text"
"saily","Netherlands","NL","Netherlands","https://saily.com/esim-netherlands/","Standard","1","7","3.99","USD","","","2026-07-27","NLD","saily-NLD-Standard-1-7-3.99","Select 1 GB - 7 days for 3.99 USD.","","3.99","visible_text"
"saily","Netherlands","NL","Netherlands","https://saily.com/esim-netherlands/","Standard","3","30","7.99","USD","","","2026-07-27","NLD","saily-NLD-Standard-3-30-7.99","Select 3 GB - 30 days for 7.99 USD.","","7.99","visible_text"
"saily","Netherlands","NL","Netherlands","https://saily.com/esim-netherlands/","Standard","5","30","9.99","USD","","","2026-07-27","NLD","saily-NLD-Standard-5-30-9.99","Select 5 GB - 30 days for 9.99 USD.","","9.99","visible_text"
"saily","Netherlands","NL","Netherlands","https://saily.com/esim-netherlands/","Standard","10","30","17.99","USD","","","2026-07-27","NLD","saily-NLD-Standard-10-30-17.99","Select 10 GB - 30 days for 17.99 USD.","","17.99","visible_text"
"saily","Netherlands","NL","Netherlands","https://saily.com/esim-netherlands/","Standard","20","30","26.99","USD","","","2026-07-27","NLD","saily-NLD-Standard-20-30-26.99","Select 20 GB - 30 days for 26.99 USD.","","26.99","visible_text"
"saily","Netherlands","NL","Netherlands","https://saily.com/esim-netherlands/","Unlimited","Unlimited","5","18.99","USD","","","2026-07-27","NLD","00260cc2-3dcd-4c6f-8db3-00c8c19e77c3","Select Unlimited - 5 days for 18.99 USD.","","18.99","offer_schema"
"saily","Netherlands","NL","Netherlands","https://saily.com/esim-netherlands/","Unlimited","Unlimited","7","26.99","USD","","","2026-07-27","NLD","828d716d-c700-4b2c-9edb-7382647a684a","Select Unlimited - 7 days for 26.99 USD.","","26.99","offer_schema"
"saily","Netherlands","NL","Netherlands","https://saily.com/esim-netherlands/","Unlimited","Unlimited","10","34.99","USD","","","2026-07-27","NLD","56616500-5de9-4650-a9b8-b566788c7f42","Select Unlimited - 10 days for 34.99 USD.","","34.99","offer_schema"
"saily","Netherlands","NL","Netherlands","https://saily.com/esim-netherlands/","Unlimited","Unlimited","15","48.99","USD","","","2026-07-27","NLD","5b2ffa05-1984-4e84-ad11-5a91bfa15361","Select Unlimited - 15 days for 48.99 USD.","","48.99","offer_schema"
"saily","Netherlands","NL","Netherlands","https://saily.com/esim-netherlands/","Unlimited","Unlimited","20","59.99","USD","","","2026-07-27","NLD","39d4e8af-00e0-413f-968b-af124a88b95c","Select Unlimited - 20 days for 59.99 USD.","","59.99","offer_schema"
"saily","Netherlands","NL","Netherlands","https://saily.com/esim-netherlands/","Unlimited","Unlimited","25","65.99","USD","","","2026-07-27","NLD","2c19491a-202e-4145-b508-e07baabd7236","Select Unlimited - 25 days for 65.99 USD.","","65.99","offer_schema"
"saily","Netherlands","NL","Netherlands","https://saily.com/esim-netherlands/","Unlimited","Unlimited","30","71.99","USD","","","2026-07-27","NLD","fcc2f583-779d-4a5b-9a90-10f7fad8f64d","Select Unlimited - 30 days for 71.99 USD.","","71.99","offer_schema"
"saily","New Zealand","NZ","New Zealand","https://saily.com/esim-new-zealand/","Standard","1","7","3.99","USD","","","2026-07-27","NZL","saily-NZL-Standard-1-7-3.99","Select 1 GB - 7 days for 3.99 USD.","","3.99","visible_text"
"saily","New Zealand","NZ","New Zealand","https://saily.com/esim-new-zealand/","Standard","3","30","9.99","USD","","","2026-07-27","NZL","saily-NZL-Standard-3-30-9.99","Select 3 GB - 30 days for 9.99 USD.","","9.99","visible_text"
"saily","New Zealand","NZ","New Zealand","https://saily.com/esim-new-zealand/","Standard","5","30","13.99","USD","","","2026-07-27","NZL","saily-NZL-Standard-5-30-13.99","Select 5 GB - 30 days for 13.99 USD.","","13.99","visible_text"
"saily","New Zealand","NZ","New Zealand","https://saily.com/esim-new-zealand/","Standard","10","30","23.99","USD","","","2026-07-27","NZL","saily-NZL-Standard-10-30-23.99","Select 10 GB - 30 days for 23.99 USD.","","23.99","visible_text"
"saily","New Zealand","NZ","New Zealand","https://saily.com/esim-new-zealand/","Standard","20","30","37.99","USD","","","2026-07-27","NZL","saily-NZL-Standard-20-30-37.99","Select 20 GB - 30 days for 37.99 USD.","","37.99","visible_text"
"saily","Nicaragua","NI","Nicaragua","https://saily.com/esim-nicaragua/","Standard","1","7","5.99","USD","","","2026-07-27","NIC","saily-NIC-Standard-1-7-5.99","Select 1 GB - 7 days for 5.99 USD.","","5.99","visible_text"
"saily","Nicaragua","NI","Nicaragua","https://saily.com/esim-nicaragua/","Standard","3","30","15.99","USD","","","2026-07-27","NIC","saily-NIC-Standard-3-30-15.99","Select 3 GB - 30 days for 15.99 USD.","","15.99","visible_text"
"saily","Nicaragua","NI","Nicaragua","https://saily.com/esim-nicaragua/","Standard","5","30","24.99","USD","","","2026-07-27","NIC","saily-NIC-Standard-5-30-24.99","Select 5 GB - 30 days for 24.99 USD.","","24.99","visible_text"
"saily","Nicaragua","NI","Nicaragua","https://saily.com/esim-nicaragua/","Standard","10","30","32.99","USD","","","2026-07-27","NIC","saily-NIC-Standard-10-30-32.99","Select 10 GB - 30 days for 32.99 USD.","","32.99","visible_text"
"saily","Nigeria","NG","Nigeria","https://saily.com/esim-nigeria/","Standard","1","7","7.49","USD","","","2026-07-27","NGA","saily-NGA-Standard-1-7-7.49","Select 1 GB - 7 days for 7.49 USD.","","7.49","visible_text"
"saily","Nigeria","NG","Nigeria","https://saily.com/esim-nigeria/","Standard","3","30","18.99","USD","","","2026-07-27","NGA","saily-NGA-Standard-3-30-18.99","Select 3 GB - 30 days for 18.99 USD.","","18.99","visible_text"
"saily","Nigeria","NG","Nigeria","https://saily.com/esim-nigeria/","Standard","5","30","29.99","USD","","","2026-07-27","NGA","saily-NGA-Standard-5-30-29.99","Select 5 GB - 30 days for 29.99 USD.","","29.99","visible_text"
"saily","Nigeria","NG","Nigeria","https://saily.com/esim-nigeria/","Standard","10","30","48.99","USD","","","2026-07-27","NGA","saily-NGA-Standard-10-30-48.99","Select 10 GB - 30 days for 48.99 USD.","","48.99","visible_text"
"saily","Norway","NO","Norway","https://saily.com/esim-norway/","Standard","1","7","3.99","USD","","","2026-07-27","NOR","saily-NOR-Standard-1-7-3.99","Select 1 GB - 7 days for 3.99 USD.","","3.99","visible_text"
"saily","Norway","NO","Norway","https://saily.com/esim-norway/","Standard","3","30","7.99","USD","","","2026-07-27","NOR","saily-NOR-Standard-3-30-7.99","Select 3 GB - 30 days for 7.99 USD.","","7.99","visible_text"
"saily","Norway","NO","Norway","https://saily.com/esim-norway/","Standard","5","30","10.99","USD","","","2026-07-27","NOR","saily-NOR-Standard-5-30-10.99","Select 5 GB - 30 days for 10.99 USD.","","10.99","visible_text"
"saily","Norway","NO","Norway","https://saily.com/esim-norway/","Standard","10","30","17.99","USD","","","2026-07-27","NOR","saily-NOR-Standard-10-30-17.99","Select 10 GB - 30 days for 17.99 USD.","","17.99","visible_text"
"saily","Norway","NO","Norway","https://saily.com/esim-norway/","Standard","20","30","27.99","USD","","","2026-07-27","NOR","saily-NOR-Standard-20-30-27.99","Select 20 GB - 30 days for 27.99 USD.","","27.99","visible_text"
"saily","Norway","NO","Norway","https://saily.com/esim-norway/","Unlimited","Unlimited","5","18.99","USD","","","2026-07-27","NOR","371a5ce0-9e71-4917-8385-0f13afecc61b","Select Unlimited - 5 days for 18.99 USD.","","18.99","offer_schema"
"saily","Norway","NO","Norway","https://saily.com/esim-norway/","Unlimited","Unlimited","7","26.99","USD","","","2026-07-27","NOR","57bcc51f-b0ef-4c20-a405-4cdbe0fbeb8d","Select Unlimited - 7 days for 26.99 USD.","","26.99","offer_schema"
"saily","Norway","NO","Norway","https://saily.com/esim-norway/","Unlimited","Unlimited","10","34.99","USD","","","2026-07-27","NOR","1f3aa1a7-98af-4860-9de4-70e2abcf2e83","Select Unlimited - 10 days for 34.99 USD.","","34.99","offer_schema"
"saily","Norway","NO","Norway","https://saily.com/esim-norway/","Unlimited","Unlimited","15","48.99","USD","","","2026-07-27","NOR","a1281e47-0288-4e5b-8beb-774201d937dc","Select Unlimited - 15 days for 48.99 USD.","","48.99","offer_schema"
"saily","Norway","NO","Norway","https://saily.com/esim-norway/","Unlimited","Unlimited","20","59.99","USD","","","2026-07-27","NOR","2e70ab7d-d91a-441b-ae99-b8643edcc093","Select Unlimited - 20 days for 59.99 USD.","","59.99","offer_schema"
"saily","Norway","NO","Norway","https://saily.com/esim-norway/","Unlimited","Unlimited","25","65.99","USD","","","2026-07-27","NOR","151eca97-7eca-4ed2-81ec-ab2421c510e2","Select Unlimited - 25 days for 65.99 USD.","","65.99","offer_schema"
"saily","Norway","NO","Norway","https://saily.com/esim-norway/","Unlimited","Unlimited","30","71.99","USD","","","2026-07-27","NOR","fa50e192-263b-42f8-ba41-a6f834f726e9","Select Unlimited - 30 days for 71.99 USD.","","71.99","offer_schema"
"saily","Oman","OM","Oman","https://saily.com/esim-oman/","Standard","1","7","8.99","USD","","","2026-07-27","OMN","saily-OMN-Standard-1-7-8.99","Select 1 GB - 7 days for 8.99 USD.","","8.99","visible_text"
"saily","Oman","OM","Oman","https://saily.com/esim-oman/","Standard","3","30","10.99","USD","","","2026-07-27","OMN","saily-OMN-Standard-3-30-10.99","Select 3 GB - 30 days for 10.99 USD.","","10.99","visible_text"
"saily","Oman","OM","Oman","https://saily.com/esim-oman/","Standard","5","30","14.99","USD","","","2026-07-27","OMN","saily-OMN-Standard-5-30-14.99","Select 5 GB - 30 days for 14.99 USD.","","14.99","visible_text"
"saily","Oman","OM","Oman","https://saily.com/esim-oman/","Standard","10","30","24.99","USD","","","2026-07-27","OMN","saily-OMN-Standard-10-30-24.99","Select 10 GB - 30 days for 24.99 USD.","","24.99","visible_text"
"saily","Oman","OM","Oman","https://saily.com/esim-oman/","Standard","20","30","39.99","USD","","","2026-07-27","OMN","saily-OMN-Standard-20-30-39.99","Select 20 GB - 30 days for 39.99 USD.","","39.99","visible_text"
"saily","Pakistan","PK","Pakistan","https://saily.com/esim-pakistan/","Standard","1","7","3.99","USD","","","2026-07-27","PAK","saily-PAK-Standard-1-7-3.99","Select 1 GB - 7 days for 3.99 USD.","","3.99","visible_text"
"saily","Pakistan","PK","Pakistan","https://saily.com/esim-pakistan/","Standard","3","30","7.99","USD","","","2026-07-27","PAK","saily-PAK-Standard-3-30-7.99","Select 3 GB - 30 days for 7.99 USD.","","7.99","visible_text"
"saily","Pakistan","PK","Pakistan","https://saily.com/esim-pakistan/","Standard","5","30","10.99","USD","","","2026-07-27","PAK","saily-PAK-Standard-5-30-10.99","Select 5 GB - 30 days for 10.99 USD.","","10.99","visible_text"
"saily","Pakistan","PK","Pakistan","https://saily.com/esim-pakistan/","Standard","10","30","17.99","USD","","","2026-07-27","PAK","saily-PAK-Standard-10-30-17.99","Select 10 GB - 30 days for 17.99 USD.","","17.99","visible_text"
"saily","Pakistan","PK","Pakistan","https://saily.com/esim-pakistan/","Standard","20","30","27.99","USD","","","2026-07-27","PAK","saily-PAK-Standard-20-30-27.99","Select 20 GB - 30 days for 27.99 USD.","","27.99","visible_text"
"saily","Panama","PA","Panama","https://saily.com/esim-panama/","Standard","1","7","7.99","USD","","","2026-07-27","PAN","saily-PAN-Standard-1-7-7.99","Select 1 GB - 7 days for 7.99 USD.","","7.99","visible_text"
"saily","Panama","PA","Panama","https://saily.com/esim-panama/","Standard","3","30","19.99","USD","","","2026-07-27","PAN","saily-PAN-Standard-3-30-19.99","Select 3 GB - 30 days for 19.99 USD.","","19.99","visible_text"
"saily","Panama","PA","Panama","https://saily.com/esim-panama/","Standard","5","30","29.99","USD","","","2026-07-27","PAN","saily-PAN-Standard-5-30-29.99","Select 5 GB - 30 days for 29.99 USD.","","29.99","visible_text"
"saily","Panama","PA","Panama","https://saily.com/esim-panama/","Standard","10","30","39.99","USD","","","2026-07-27","PAN","saily-PAN-Standard-10-30-39.99","Select 10 GB - 30 days for 39.99 USD.","","39.99","visible_text"
"saily","Papua New Guinea","PG","Papua New Guinea","https://saily.com/esim-papua-new-guinea/","Standard","1","7","6.99","USD","","","2026-07-27","PNG","saily-PNG-Standard-1-7-6.99","Select 1 GB - 7 days for 6.99 USD.","","6.99","visible_text"
"saily","Papua New Guinea","PG","Papua New Guinea","https://saily.com/esim-papua-new-guinea/","Standard","3","30","16.99","USD","","","2026-07-27","PNG","saily-PNG-Standard-3-30-16.99","Select 3 GB - 30 days for 16.99 USD.","","16.99","visible_text"
"saily","Papua New Guinea","PG","Papua New Guinea","https://saily.com/esim-papua-new-guinea/","Standard","5","30","26.99","USD","","","2026-07-27","PNG","saily-PNG-Standard-5-30-26.99","Select 5 GB - 30 days for 26.99 USD.","","26.99","visible_text"
"saily","Papua New Guinea","PG","Papua New Guinea","https://saily.com/esim-papua-new-guinea/","Standard","10","30","42.99","USD","","","2026-07-27","PNG","saily-PNG-Standard-10-30-42.99","Select 10 GB - 30 days for 42.99 USD.","","42.99","visible_text"
"saily","Paraguay","PY","Paraguay","https://saily.com/esim-paraguay/","Standard","1","7","7.49","USD","","","2026-07-27","PRY","saily-PRY-Standard-1-7-7.49","Select 1 GB - 7 days for 7.49 USD.","","7.49","visible_text"
"saily","Paraguay","PY","Paraguay","https://saily.com/esim-paraguay/","Standard","3","30","18.99","USD","","","2026-07-27","PRY","saily-PRY-Standard-3-30-18.99","Select 3 GB - 30 days for 18.99 USD.","","18.99","visible_text"
"saily","Paraguay","PY","Paraguay","https://saily.com/esim-paraguay/","Standard","5","30","29.99","USD","","","2026-07-27","PRY","saily-PRY-Standard-5-30-29.99","Select 5 GB - 30 days for 29.99 USD.","","29.99","visible_text"
"saily","Paraguay","PY","Paraguay","https://saily.com/esim-paraguay/","Standard","10","30","48.99","USD","","","2026-07-27","PRY","saily-PRY-Standard-10-30-48.99","Select 10 GB - 30 days for 48.99 USD.","","48.99","visible_text"
"saily","Paraguay","PY","Paraguay","https://saily.com/esim-paraguay/","Standard","20","30","66.99","USD","","","2026-07-27","PRY","saily-PRY-Standard-20-30-66.99","Select 20 GB - 30 days for 66.99 USD.","","66.99","visible_text"
"saily","Peru","PE","Peru","https://saily.com/esim-peru/","Standard","1","7","4.99","USD","","","2026-07-27","PER","saily-PER-Standard-1-7-4.99","Select 1 GB - 7 days for 4.99 USD.","","4.99","visible_text"
"saily","Peru","PE","Peru","https://saily.com/esim-peru/","Standard","3","30","10.99","USD","","","2026-07-27","PER","saily-PER-Standard-3-30-10.99","Select 3 GB - 30 days for 10.99 USD.","","10.99","visible_text"
"saily","Peru","PE","Peru","https://saily.com/esim-peru/","Standard","5","30","17.99","USD","","","2026-07-27","PER","saily-PER-Standard-5-30-17.99","Select 5 GB - 30 days for 17.99 USD.","","17.99","visible_text"
"saily","Peru","PE","Peru","https://saily.com/esim-peru/","Standard","10","30","29.99","USD","","","2026-07-27","PER","saily-PER-Standard-10-30-29.99","Select 10 GB - 30 days for 29.99 USD.","","29.99","visible_text"
"saily","Peru","PE","Peru","https://saily.com/esim-peru/","Standard","20","30","40.99","USD","","","2026-07-27","PER","saily-PER-Standard-20-30-40.99","Select 20 GB - 30 days for 40.99 USD.","","40.99","visible_text"
"saily","Philippines","PH","Philippines","https://saily.com/esim-philippines/","Standard","1","7","3.99","USD","","","2026-07-27","PHL","saily-PHL-Standard-1-7-3.99","Select 1 GB - 7 days for 3.99 USD.","","3.99","visible_text"
"saily","Philippines","PH","Philippines","https://saily.com/esim-philippines/","Standard","3","30","7.99","USD","","","2026-07-27","PHL","saily-PHL-Standard-3-30-7.99","Select 3 GB - 30 days for 7.99 USD.","","7.99","visible_text"
"saily","Philippines","PH","Philippines","https://saily.com/esim-philippines/","Standard","5","30","11.99","USD","","","2026-07-27","PHL","saily-PHL-Standard-5-30-11.99","Select 5 GB - 30 days for 11.99 USD.","","11.99","visible_text"
"saily","Philippines","PH","Philippines","https://saily.com/esim-philippines/","Standard","10","30","18.99","USD","","","2026-07-27","PHL","saily-PHL-Standard-10-30-18.99","Select 10 GB - 30 days for 18.99 USD.","","18.99","visible_text"
"saily","Philippines","PH","Philippines","https://saily.com/esim-philippines/","Standard","20","30","29.99","USD","","","2026-07-27","PHL","saily-PHL-Standard-20-30-29.99","Select 20 GB - 30 days for 29.99 USD.","","29.99","visible_text"
"saily","Philippines","PH","Philippines","https://saily.com/esim-philippines/","Unlimited","Unlimited","5","18.99","USD","","","2026-07-27","PHL","15a2f9cc-362c-4fe6-a25a-e3d987bca173","Select Unlimited - 5 days for 18.99 USD.","","18.99","offer_schema"
"saily","Philippines","PH","Philippines","https://saily.com/esim-philippines/","Unlimited","Unlimited","7","26.99","USD","","","2026-07-27","PHL","2a6793e7-a8ee-4fb9-9001-5b632ce8c71b","Select Unlimited - 7 days for 26.99 USD.","","26.99","offer_schema"
"saily","Philippines","PH","Philippines","https://saily.com/esim-philippines/","Unlimited","Unlimited","10","34.99","USD","","","2026-07-27","PHL","f869dff6-322e-402e-8165-94a3f494f5ee","Select Unlimited - 10 days for 34.99 USD.","","34.99","offer_schema"
"saily","Philippines","PH","Philippines","https://saily.com/esim-philippines/","Unlimited","Unlimited","15","48.99","USD","","","2026-07-27","PHL","6c0ce995-4649-40d3-9c0a-dd452efcdf39","Select Unlimited - 15 days for 48.99 USD.","","48.99","offer_schema"
"saily","Philippines","PH","Philippines","https://saily.com/esim-philippines/","Unlimited","Unlimited","20","59.99","USD","","","2026-07-27","PHL","d3d5fa37-cdf6-44b5-8030-8f92078c33cd","Select Unlimited - 20 days for 59.99 USD.","","59.99","offer_schema"
"saily","Philippines","PH","Philippines","https://saily.com/esim-philippines/","Unlimited","Unlimited","25","65.99","USD","","","2026-07-27","PHL","abf6f725-d41c-4482-b3db-413d2a340cca","Select Unlimited - 25 days for 65.99 USD.","","65.99","offer_schema"
"saily","Philippines","PH","Philippines","https://saily.com/esim-philippines/","Unlimited","Unlimited","30","71.99","USD","","","2026-07-27","PHL","cce372ce-ba83-4015-b735-94ad37b877f6","Select Unlimited - 30 days for 71.99 USD.","","71.99","offer_schema"
"saily","Poland","PL","Poland","https://saily.com/esim-poland/","Standard","1","7","4.49","USD","","","2026-07-27","POL","saily-POL-Standard-1-7-4.49","Select 1 GB - 7 days for 4.49 USD.","","4.49","visible_text"
"saily","Poland","PL","Poland","https://saily.com/esim-poland/","Standard","3","30","5.99","USD","","","2026-07-27","POL","saily-POL-Standard-3-30-5.99","Select 3 GB - 30 days for 5.99 USD.","","5.99","visible_text"
"saily","Poland","PL","Poland","https://saily.com/esim-poland/","Standard","5","30","8.99","USD","","","2026-07-27","POL","saily-POL-Standard-5-30-8.99","Select 5 GB - 30 days for 8.99 USD.","","8.99","visible_text"
"saily","Poland","PL","Poland","https://saily.com/esim-poland/","Standard","10","30","12.99","USD","","","2026-07-27","POL","saily-POL-Standard-10-30-12.99","Select 10 GB - 30 days for 12.99 USD.","","12.99","visible_text"
"saily","Poland","PL","Poland","https://saily.com/esim-poland/","Standard","20","30","20.99","USD","","","2026-07-27","POL","saily-POL-Standard-20-30-20.99","Select 20 GB - 30 days for 20.99 USD.","","20.99","visible_text"
"saily","Poland","PL","Poland","https://saily.com/esim-poland/","Unlimited","Unlimited","5","18.99","USD","","","2026-07-27","POL","102540a1-66e3-441a-8f62-500d62f829b5","Select Unlimited - 5 days for 18.99 USD.","","18.99","offer_schema"
"saily","Poland","PL","Poland","https://saily.com/esim-poland/","Unlimited","Unlimited","7","26.99","USD","","","2026-07-27","POL","aa1e61ea-a43d-4e2f-a253-b024b73fdc44","Select Unlimited - 7 days for 26.99 USD.","","26.99","offer_schema"
"saily","Poland","PL","Poland","https://saily.com/esim-poland/","Unlimited","Unlimited","10","34.99","USD","","","2026-07-27","POL","4e7acd46-2d73-4f80-bbb0-f2d150c7ddfa","Select Unlimited - 10 days for 34.99 USD.","","34.99","offer_schema"
"saily","Poland","PL","Poland","https://saily.com/esim-poland/","Unlimited","Unlimited","15","48.99","USD","","","2026-07-27","POL","ef6dae75-1ebd-44de-b337-6d38c5d5d41b","Select Unlimited - 15 days for 48.99 USD.","","48.99","offer_schema"
"saily","Poland","PL","Poland","https://saily.com/esim-poland/","Unlimited","Unlimited","20","59.99","USD","","","2026-07-27","POL","630db437-73e1-4643-823b-fe8e806f47c0","Select Unlimited - 20 days for 59.99 USD.","","59.99","offer_schema"
"saily","Poland","PL","Poland","https://saily.com/esim-poland/","Unlimited","Unlimited","25","65.99","USD","","","2026-07-27","POL","cc9dda2f-65d4-4aad-b1ee-d4f320ef0833","Select Unlimited - 25 days for 65.99 USD.","","65.99","offer_schema"
"saily","Poland","PL","Poland","https://saily.com/esim-poland/","Unlimited","Unlimited","30","71.99","USD","","","2026-07-27","POL","278702b1-7653-4c45-95e4-d61e182ac29d","Select Unlimited - 30 days for 71.99 USD.","","71.99","offer_schema"
"saily","Portugal","PT","Portugal","https://saily.com/esim-portugal/","Standard","1","7","3.99","USD","","","2026-07-27","PRT","saily-PRT-Standard-1-7-3.99","Select 1 GB - 7 days for 3.99 USD.","","3.99","visible_text"
"saily","Portugal","PT","Portugal","https://saily.com/esim-portugal/","Standard","3","30","7.99","USD","","","2026-07-27","PRT","saily-PRT-Standard-3-30-7.99","Select 3 GB - 30 days for 7.99 USD.","","7.99","visible_text"
"saily","Portugal","PT","Portugal","https://saily.com/esim-portugal/","Standard","5","30","9.99","USD","","","2026-07-27","PRT","saily-PRT-Standard-5-30-9.99","Select 5 GB - 30 days for 9.99 USD.","","9.99","visible_text"
"saily","Portugal","PT","Portugal","https://saily.com/esim-portugal/","Standard","10","30","16.99","USD","","","2026-07-27","PRT","saily-PRT-Standard-10-30-16.99","Select 10 GB - 30 days for 16.99 USD.","","16.99","visible_text"
"saily","Portugal","PT","Portugal","https://saily.com/esim-portugal/","Standard","20","30","27.99","USD","","","2026-07-27","PRT","saily-PRT-Standard-20-30-27.99","Select 20 GB - 30 days for 27.99 USD.","","27.99","visible_text"
"saily","Portugal","PT","Portugal","https://saily.com/esim-portugal/","Unlimited","Unlimited","5","18.99","USD","","","2026-07-27","PRT","9bb63183-82c9-494f-85ec-bc810a63a79a","Select Unlimited - 5 days for 18.99 USD.","","18.99","offer_schema"
"saily","Portugal","PT","Portugal","https://saily.com/esim-portugal/","Unlimited","Unlimited","7","26.99","USD","","","2026-07-27","PRT","82692c1f-3fda-466d-8487-46efe2b7584a","Select Unlimited - 7 days for 26.99 USD.","","26.99","offer_schema"
"saily","Portugal","PT","Portugal","https://saily.com/esim-portugal/","Unlimited","Unlimited","10","34.99","USD","","","2026-07-27","PRT","f0667127-12ce-406f-b74b-f7c715fee189","Select Unlimited - 10 days for 34.99 USD.","","34.99","offer_schema"
"saily","Portugal","PT","Portugal","https://saily.com/esim-portugal/","Unlimited","Unlimited","15","48.99","USD","","","2026-07-27","PRT","49b944ed-2c93-4bf3-9df9-398fd6ed0c0c","Select Unlimited - 15 days for 48.99 USD.","","48.99","offer_schema"
"saily","Portugal","PT","Portugal","https://saily.com/esim-portugal/","Unlimited","Unlimited","20","59.99","USD","","","2026-07-27","PRT","8b179604-fdbe-48c2-9260-401aacdd3b3d","Select Unlimited - 20 days for 59.99 USD.","","59.99","offer_schema"
"saily","Portugal","PT","Portugal","https://saily.com/esim-portugal/","Unlimited","Unlimited","25","65.99","USD","","","2026-07-27","PRT","a6973c33-27a6-43f6-b1bd-85b14748223e","Select Unlimited - 25 days for 65.99 USD.","","65.99","offer_schema"
"saily","Portugal","PT","Portugal","https://saily.com/esim-portugal/","Unlimited","Unlimited","30","71.99","USD","","","2026-07-27","PRT","26a16af0-0179-4700-8367-ecfad25a1cfa","Select Unlimited - 30 days for 71.99 USD.","","71.99","offer_schema"
"saily","Puerto Rico","PR","Puerto Rico","https://saily.com/esim-puerto-rico/","Standard","1","7","3.99","USD","","","2026-07-27","PRI","saily-PRI-Standard-1-7-3.99","Select 1 GB - 7 days for 3.99 USD.","","3.99","visible_text"
"saily","Puerto Rico","PR","Puerto Rico","https://saily.com/esim-puerto-rico/","Standard","3","30","10.99","USD","","","2026-07-27","PRI","saily-PRI-Standard-3-30-10.99","Select 3 GB - 30 days for 10.99 USD.","","10.99","visible_text"
"saily","Puerto Rico","PR","Puerto Rico","https://saily.com/esim-puerto-rico/","Standard","5","30","16.99","USD","","","2026-07-27","PRI","saily-PRI-Standard-5-30-16.99","Select 5 GB - 30 days for 16.99 USD.","","16.99","visible_text"
"saily","Puerto Rico","PR","Puerto Rico","https://saily.com/esim-puerto-rico/","Standard","10","30","24.99","USD","","","2026-07-27","PRI","saily-PRI-Standard-10-30-24.99","Select 10 GB - 30 days for 24.99 USD.","","24.99","visible_text"
"saily","Puerto Rico","PR","Puerto Rico","https://saily.com/esim-puerto-rico/","Standard","20","30","36.99","USD","","","2026-07-27","PRI","saily-PRI-Standard-20-30-36.99","Select 20 GB - 30 days for 36.99 USD.","","36.99","visible_text"
"saily","Qatar","QA","Qatar","https://saily.com/esim-qatar/","Standard","1","7","4.99","USD","","","2026-07-27","QAT","saily-QAT-Standard-1-7-4.99","Select 1 GB - 7 days for 4.99 USD.","","4.99","visible_text"
"saily","Qatar","QA","Qatar","https://saily.com/esim-qatar/","Standard","3","30","11.99","USD","","","2026-07-27","QAT","saily-QAT-Standard-3-30-11.99","Select 3 GB - 30 days for 11.99 USD.","","11.99","visible_text"
"saily","Qatar","QA","Qatar","https://saily.com/esim-qatar/","Standard","5","30","16.99","USD","","","2026-07-27","QAT","saily-QAT-Standard-5-30-16.99","Select 5 GB - 30 days for 16.99 USD.","","16.99","visible_text"
"saily","Qatar","QA","Qatar","https://saily.com/esim-qatar/","Standard","10","30","29.99","USD","","","2026-07-27","QAT","saily-QAT-Standard-10-30-29.99","Select 10 GB - 30 days for 29.99 USD.","","29.99","visible_text"
"saily","Qatar","QA","Qatar","https://saily.com/esim-qatar/","Standard","20","30","48.99","USD","","","2026-07-27","QAT","saily-QAT-Standard-20-30-48.99","Select 20 GB - 30 days for 48.99 USD.","","48.99","visible_text"
"saily","Reunion","RE","Reunion","https://saily.com/esim-reunion/","Standard","1","7","3.99","USD","","","2026-07-27","REU","saily-REU-Standard-1-7-3.99","Select 1 GB - 7 days for 3.99 USD.","","3.99","visible_text"
"saily","Reunion","RE","Reunion","https://saily.com/esim-reunion/","Standard","3","30","8.99","USD","","","2026-07-27","REU","saily-REU-Standard-3-30-8.99","Select 3 GB - 30 days for 8.99 USD.","","8.99","visible_text"
"saily","Reunion","RE","Reunion","https://saily.com/esim-reunion/","Standard","5","30","12.99","USD","","","2026-07-27","REU","saily-REU-Standard-5-30-12.99","Select 5 GB - 30 days for 12.99 USD.","","12.99","visible_text"
"saily","Reunion","RE","Reunion","https://saily.com/esim-reunion/","Standard","10","30","21.99","USD","","","2026-07-27","REU","saily-REU-Standard-10-30-21.99","Select 10 GB - 30 days for 21.99 USD.","","21.99","visible_text"
"saily","Reunion","RE","Reunion","https://saily.com/esim-reunion/","Standard","20","30","33.99","USD","","","2026-07-27","REU","saily-REU-Standard-20-30-33.99","Select 20 GB - 30 days for 33.99 USD.","","33.99","visible_text"
"saily","Romania","RO","Romania","https://saily.com/esim-romania/","Standard","1","7","3.99","USD","","","2026-07-27","ROU","saily-ROU-Standard-1-7-3.99","Select 1 GB - 7 days for 3.99 USD.","","3.99","visible_text"
"saily","Romania","RO","Romania","https://saily.com/esim-romania/","Standard","3","30","7.99","USD","","","2026-07-27","ROU","saily-ROU-Standard-3-30-7.99","Select 3 GB - 30 days for 7.99 USD.","","7.99","visible_text"
"saily","Romania","RO","Romania","https://saily.com/esim-romania/","Standard","5","30","10.99","USD","","","2026-07-27","ROU","saily-ROU-Standard-5-30-10.99","Select 5 GB - 30 days for 10.99 USD.","","10.99","visible_text"
"saily","Romania","RO","Romania","https://saily.com/esim-romania/","Standard","10","30","17.99","USD","","","2026-07-27","ROU","saily-ROU-Standard-10-30-17.99","Select 10 GB - 30 days for 17.99 USD.","","17.99","visible_text"
"saily","Romania","RO","Romania","https://saily.com/esim-romania/","Standard","20","30","27.99","USD","","","2026-07-27","ROU","saily-ROU-Standard-20-30-27.99","Select 20 GB - 30 days for 27.99 USD.","","27.99","visible_text"
"saily","Romania","RO","Romania","https://saily.com/esim-romania/","Unlimited","Unlimited","5","18.99","USD","","","2026-07-27","ROU","1503cea7-20b5-4e7c-9bda-8f383b49cc0b","Select Unlimited - 5 days for 18.99 USD.","","18.99","offer_schema"
"saily","Romania","RO","Romania","https://saily.com/esim-romania/","Unlimited","Unlimited","7","26.99","USD","","","2026-07-27","ROU","12d57950-3a3b-4e6f-999a-38150018c037","Select Unlimited - 7 days for 26.99 USD.","","26.99","offer_schema"
"saily","Romania","RO","Romania","https://saily.com/esim-romania/","Unlimited","Unlimited","10","34.99","USD","","","2026-07-27","ROU","a99e3a07-de6c-4b71-ac18-4c310a90ca1b","Select Unlimited - 10 days for 34.99 USD.","","34.99","offer_schema"
"saily","Romania","RO","Romania","https://saily.com/esim-romania/","Unlimited","Unlimited","15","48.99","USD","","","2026-07-27","ROU","4a2935eb-b6c9-4561-a57c-96f23a12daee","Select Unlimited - 15 days for 48.99 USD.","","48.99","offer_schema"
"saily","Romania","RO","Romania","https://saily.com/esim-romania/","Unlimited","Unlimited","20","59.99","USD","","","2026-07-27","ROU","9bc4e132-c56e-4874-9b2d-20417a99d99f","Select Unlimited - 20 days for 59.99 USD.","","59.99","offer_schema"
"saily","Romania","RO","Romania","https://saily.com/esim-romania/","Unlimited","Unlimited","25","65.99","USD","","","2026-07-27","ROU","b508e76a-576e-47ed-b3d1-29e6f2c2f344","Select Unlimited - 25 days for 65.99 USD.","","65.99","offer_schema"
"saily","Romania","RO","Romania","https://saily.com/esim-romania/","Unlimited","Unlimited","30","71.99","USD","","","2026-07-27","ROU","a75b4030-bf32-4736-a289-420e373a6df8","Select Unlimited - 30 days for 71.99 USD.","","71.99","offer_schema"
"saily","Rwanda","RW","Rwanda","https://saily.com/esim-rwanda/","Standard","1","7","6.99","USD","","","2026-07-27","RWA","saily-RWA-Standard-1-7-6.99","Select 1 GB - 7 days for 6.99 USD.","","6.99","visible_text"
"saily","Rwanda","RW","Rwanda","https://saily.com/esim-rwanda/","Standard","3","30","17.99","USD","","","2026-07-27","RWA","saily-RWA-Standard-3-30-17.99","Select 3 GB - 30 days for 17.99 USD.","","17.99","visible_text"
"saily","Rwanda","RW","Rwanda","https://saily.com/esim-rwanda/","Standard","5","30","26.99","USD","","","2026-07-27","RWA","saily-RWA-Standard-5-30-26.99","Select 5 GB - 30 days for 26.99 USD.","","26.99","visible_text"
"saily","Rwanda","RW","Rwanda","https://saily.com/esim-rwanda/","Standard","10","30","41.99","USD","","","2026-07-27","RWA","saily-RWA-Standard-10-30-41.99","Select 10 GB - 30 days for 41.99 USD.","","41.99","visible_text"
"saily","Saint Kitts And Nevis","KN","Saint Kitts and Nevis","https://saily.com/esim-saint-kitts-and-nevis/","Standard","1","7","8.99","USD","","","2026-07-27","KNA","saily-KNA-Standard-1-7-8.99","Select 1 GB - 7 days for 8.99 USD.","","8.99","visible_text"
"saily","Saint Kitts And Nevis","KN","Saint Kitts and Nevis","https://saily.com/esim-saint-kitts-and-nevis/","Standard","3","30","22.99","USD","","","2026-07-27","KNA","saily-KNA-Standard-3-30-22.99","Select 3 GB - 30 days for 22.99 USD.","","22.99","visible_text"
"saily","Saint Kitts And Nevis","KN","Saint Kitts and Nevis","https://saily.com/esim-saint-kitts-and-nevis/","Standard","5","30","29.99","USD","","","2026-07-27","KNA","saily-KNA-Standard-5-30-29.99","Select 5 GB - 30 days for 29.99 USD.","","29.99","visible_text"
"saily","Saint Lucia","LC","Saint Lucia","https://saily.com/esim-saint-lucia/","Standard","1","7","8.99","USD","","","2026-07-27","LCA","saily-LCA-Standard-1-7-8.99","Select 1 GB - 7 days for 8.99 USD.","","8.99","visible_text"
"saily","Saint Lucia","LC","Saint Lucia","https://saily.com/esim-saint-lucia/","Standard","3","30","22.99","USD","","","2026-07-27","LCA","saily-LCA-Standard-3-30-22.99","Select 3 GB - 30 days for 22.99 USD.","","22.99","visible_text"
"saily","Saint Lucia","LC","Saint Lucia","https://saily.com/esim-saint-lucia/","Standard","5","30","29.99","USD","","","2026-07-27","LCA","saily-LCA-Standard-5-30-29.99","Select 5 GB - 30 days for 29.99 USD.","","29.99","visible_text"
"saily","Saudi Arabia","SA","Saudi Arabia","https://saily.com/esim-saudi-arabia/","Standard","1","7","4.49","USD","","","2026-07-27","SAU","saily-SAU-Standard-1-7-4.49","Select 1 GB - 7 days for 4.49 USD.","","4.49","visible_text"
"saily","Saudi Arabia","SA","Saudi Arabia","https://saily.com/esim-saudi-arabia/","Standard","3","30","9.99","USD","","","2026-07-27","SAU","saily-SAU-Standard-3-30-9.99","Select 3 GB - 30 days for 9.99 USD.","","9.99","visible_text"
"saily","Saudi Arabia","SA","Saudi Arabia","https://saily.com/esim-saudi-arabia/","Standard","5","30","15.99","USD","","","2026-07-27","SAU","saily-SAU-Standard-5-30-15.99","Select 5 GB - 30 days for 15.99 USD.","","15.99","visible_text"
"saily","Saudi Arabia","SA","Saudi Arabia","https://saily.com/esim-saudi-arabia/","Standard","10","30","26.99","USD","","","2026-07-27","SAU","saily-SAU-Standard-10-30-26.99","Select 10 GB - 30 days for 26.99 USD.","","26.99","visible_text"
"saily","Saudi Arabia","SA","Saudi Arabia","https://saily.com/esim-saudi-arabia/","Standard","20","30","42.99","USD","","","2026-07-27","SAU","saily-SAU-Standard-20-30-42.99","Select 20 GB - 30 days for 42.99 USD.","","42.99","visible_text"
"saily","Saudi Arabia","SA","Saudi Arabia","https://saily.com/esim-saudi-arabia/","Unlimited","Unlimited","5","18.99","USD","","","2026-07-27","SAU","670a8d45-da96-4d62-ae24-4a5bcdf4cf65","Select Unlimited - 5 days for 18.99 USD.","","18.99","offer_schema"
"saily","Saudi Arabia","SA","Saudi Arabia","https://saily.com/esim-saudi-arabia/","Unlimited","Unlimited","10","34.99","USD","","","2026-07-27","SAU","6c6ac2a6-a9aa-4159-a48f-bd66b28400e6","Select Unlimited - 10 days for 34.99 USD.","","34.99","offer_schema"
"saily","Saudi Arabia","SA","Saudi Arabia","https://saily.com/esim-saudi-arabia/","Unlimited","Unlimited","15","54.99","USD","","","2026-07-27","SAU","4037d801-303e-410a-824b-a12292375f51","Select Unlimited - 15 days for 54.99 USD.","","54.99","offer_schema"
"saily","Saudi Arabia","SA","Saudi Arabia","https://saily.com/esim-saudi-arabia/","Unlimited","Unlimited","20","69.99","USD","","","2026-07-27","SAU","300c8421-ea6c-4993-b2d8-449a47033099","Select Unlimited - 20 days for 69.99 USD.","","69.99","offer_schema"
"saily","Saudi Arabia","SA","Saudi Arabia","https://saily.com/esim-saudi-arabia/","Unlimited","Unlimited","25","86.99","USD","","","2026-07-27","SAU","f7611e9e-935a-43b5-b55a-fb263936724c","Select Unlimited - 25 days for 86.99 USD.","","86.99","offer_schema"
"saily","Saudi Arabia","SA","Saudi Arabia","https://saily.com/esim-saudi-arabia/","Unlimited","Unlimited","30","98.99","USD","","","2026-07-27","SAU","a3ac02cb-8b24-4958-922f-540687849447","Select Unlimited - 30 days for 98.99 USD.","","98.99","offer_schema"
"saily","Senegal","SN","Senegal","https://saily.com/esim-senegal/","Standard","1","7","6.99","USD","","","2026-07-27","SEN","saily-SEN-Standard-1-7-6.99","Select 1 GB - 7 days for 6.99 USD.","","6.99","visible_text"
"saily","Senegal","SN","Senegal","https://saily.com/esim-senegal/","Standard","3","30","16.99","USD","","","2026-07-27","SEN","saily-SEN-Standard-3-30-16.99","Select 3 GB - 30 days for 16.99 USD.","","16.99","visible_text"
"saily","Serbia","RS","Serbia","https://saily.com/esim-serbia/","Standard","1","7","3.99","USD","","","2026-07-27","SRB","saily-SRB-Standard-1-7-3.99","Select 1 GB - 7 days for 3.99 USD.","","3.99","visible_text"
"saily","Serbia","RS","Serbia","https://saily.com/esim-serbia/","Standard","3","30","7.99","USD","","","2026-07-27","SRB","saily-SRB-Standard-3-30-7.99","Select 3 GB - 30 days for 7.99 USD.","","7.99","visible_text"
"saily","Serbia","RS","Serbia","https://saily.com/esim-serbia/","Standard","5","30","10.99","USD","","","2026-07-27","SRB","saily-SRB-Standard-5-30-10.99","Select 5 GB - 30 days for 10.99 USD.","","10.99","visible_text"
"saily","Serbia","RS","Serbia","https://saily.com/esim-serbia/","Standard","10","30","17.99","USD","","","2026-07-27","SRB","saily-SRB-Standard-10-30-17.99","Select 10 GB - 30 days for 17.99 USD.","","17.99","visible_text"
"saily","Serbia","RS","Serbia","https://saily.com/esim-serbia/","Standard","20","30","26.99","USD","","","2026-07-27","SRB","saily-SRB-Standard-20-30-26.99","Select 20 GB - 30 days for 26.99 USD.","","26.99","visible_text"
"saily","Serbia","RS","Serbia","https://saily.com/esim-serbia/","Unlimited","Unlimited","5","27.99","USD","","","2026-07-27","SRB","16a0800e-4e55-4153-802c-c951a221894a","Select Unlimited - 5 days for 27.99 USD.","","27.99","offer_schema"
"saily","Serbia","RS","Serbia","https://saily.com/esim-serbia/","Unlimited","Unlimited","7","35.99","USD","","","2026-07-27","SRB","4eb28a38-5b82-4744-a864-bf32d1295f37","Select Unlimited - 7 days for 35.99 USD.","","35.99","offer_schema"
"saily","Serbia","RS","Serbia","https://saily.com/esim-serbia/","Unlimited","Unlimited","10","37.99","USD","","","2026-07-27","SRB","84532fa7-a4d0-4f79-85ea-bbb3bf8b7526","Select Unlimited - 10 days for 37.99 USD.","","37.99","offer_schema"
"saily","Serbia","RS","Serbia","https://saily.com/esim-serbia/","Unlimited","Unlimited","15","48.99","USD","","","2026-07-27","SRB","f45b67f7-4d70-424e-b5ed-8e575069ab76","Select Unlimited - 15 days for 48.99 USD.","","48.99","offer_schema"
"saily","Serbia","RS","Serbia","https://saily.com/esim-serbia/","Unlimited","Unlimited","20","65.99","USD","","","2026-07-27","SRB","c1d0caa3-e5cb-464a-8ab3-9ddf5965937a","Select Unlimited - 20 days for 65.99 USD.","","65.99","offer_schema"
"saily","Serbia","RS","Serbia","https://saily.com/esim-serbia/","Unlimited","Unlimited","25","79.99","USD","","","2026-07-27","SRB","b49f3156-fc31-40df-858c-bb7ae7f35e52","Select Unlimited - 25 days for 79.99 USD.","","79.99","offer_schema"
"saily","Serbia","RS","Serbia","https://saily.com/esim-serbia/","Unlimited","Unlimited","30","98.99","USD","","","2026-07-27","SRB","f094215d-8e43-443f-ac85-78bb4065c353","Select Unlimited - 30 days for 98.99 USD.","","98.99","offer_schema"
"saily","Sierra Leone","SL","Sierra Leone","https://saily.com/esim-sierra-leone/","Standard","1","7","9.99","USD","","","2026-07-27","SLE","saily-SLE-Standard-1-7-9.99","Select 1 GB - 7 days for 9.99 USD.","","9.99","visible_text"
"saily","Sierra Leone","SL","Sierra Leone","https://saily.com/esim-sierra-leone/","Standard","3","30","27.99","USD","","","2026-07-27","SLE","saily-SLE-Standard-3-30-27.99","Select 3 GB - 30 days for 27.99 USD.","","27.99","visible_text"
"saily","Sierra Leone","SL","Sierra Leone","https://saily.com/esim-sierra-leone/","Standard","5","30","44.99","USD","","","2026-07-27","SLE","saily-SLE-Standard-5-30-44.99","Select 5 GB - 30 days for 44.99 USD.","","44.99","visible_text"
"saily","Singapore","SG","Singapore","https://saily.com/esim-singapore/","Standard","1","7","3.99","USD","","","2026-07-27","SGP","saily-SGP-Standard-1-7-3.99","Select 1 GB - 7 days for 3.99 USD.","","3.99","visible_text"
"saily","Singapore","SG","Singapore","https://saily.com/esim-singapore/","Standard","3","30","6.99","USD","","","2026-07-27","SGP","saily-SGP-Standard-3-30-6.99","Select 3 GB - 30 days for 6.99 USD.","","6.99","visible_text"
"saily","Singapore","SG","Singapore","https://saily.com/esim-singapore/","Standard","5","30","9.99","USD","","","2026-07-27","SGP","saily-SGP-Standard-5-30-9.99","Select 5 GB - 30 days for 9.99 USD.","","9.99","visible_text"
"saily","Singapore","SG","Singapore","https://saily.com/esim-singapore/","Standard","10","30","15.99","USD","","","2026-07-27","SGP","saily-SGP-Standard-10-30-15.99","Select 10 GB - 30 days for 15.99 USD.","","15.99","visible_text"
"saily","Singapore","SG","Singapore","https://saily.com/esim-singapore/","Standard","20","30","22.99","USD","","","2026-07-27","SGP","saily-SGP-Standard-20-30-22.99","Select 20 GB - 30 days for 22.99 USD.","","22.99","visible_text"
"saily","Singapore","SG","Singapore","https://saily.com/esim-singapore/","Unlimited","Unlimited","5","18.99","USD","","","2026-07-27","SGP","6d1f44db-2dd5-47ea-92e3-cb6d8cb09be6","Select Unlimited - 5 days for 18.99 USD.","","18.99","offer_schema"
"saily","Singapore","SG","Singapore","https://saily.com/esim-singapore/","Unlimited","Unlimited","7","26.99","USD","","","2026-07-27","SGP","f457ed6f-e7e4-4ef0-a1e6-51df9ec3a571","Select Unlimited - 7 days for 26.99 USD.","","26.99","offer_schema"
"saily","Singapore","SG","Singapore","https://saily.com/esim-singapore/","Unlimited","Unlimited","10","34.99","USD","","","2026-07-27","SGP","f801c238-d65d-4565-b300-9710297f2d51","Select Unlimited - 10 days for 34.99 USD.","","34.99","offer_schema"
"saily","Singapore","SG","Singapore","https://saily.com/esim-singapore/","Unlimited","Unlimited","15","48.99","USD","","","2026-07-27","SGP","c8c5ed72-0493-4183-a2fc-a832bfd30997","Select Unlimited - 15 days for 48.99 USD.","","48.99","offer_schema"
"saily","Singapore","SG","Singapore","https://saily.com/esim-singapore/","Unlimited","Unlimited","20","59.99","USD","","","2026-07-27","SGP","929c574a-769f-49e9-9cb5-b746436ef088","Select Unlimited - 20 days for 59.99 USD.","","59.99","offer_schema"
"saily","Singapore","SG","Singapore","https://saily.com/esim-singapore/","Unlimited","Unlimited","25","65.99","USD","","","2026-07-27","SGP","30073e1a-f200-4feb-9d21-0a289a6a17f2","Select Unlimited - 25 days for 65.99 USD.","","65.99","offer_schema"
"saily","Singapore","SG","Singapore","https://saily.com/esim-singapore/","Unlimited","Unlimited","30","71.99","USD","","","2026-07-27","SGP","a46eae33-da54-4a05-a345-de5e877628b2","Select Unlimited - 30 days for 71.99 USD.","","71.99","offer_schema"
"saily","Slovenia","SI","Slovenia","https://saily.com/esim-slovenia/","Standard","1","7","4.49","USD","","","2026-07-27","SVN","saily-SVN-Standard-1-7-4.49","Select 1 GB - 7 days for 4.49 USD.","","4.49","visible_text"
"saily","Slovenia","SI","Slovenia","https://saily.com/esim-slovenia/","Standard","3","30","8.99","USD","","","2026-07-27","SVN","saily-SVN-Standard-3-30-8.99","Select 3 GB - 30 days for 8.99 USD.","","8.99","visible_text"
"saily","Slovenia","SI","Slovenia","https://saily.com/esim-slovenia/","Standard","5","30","12.99","USD","","","2026-07-27","SVN","saily-SVN-Standard-5-30-12.99","Select 5 GB - 30 days for 12.99 USD.","","12.99","visible_text"
"saily","Slovenia","SI","Slovenia","https://saily.com/esim-slovenia/","Standard","10","30","19.99","USD","","","2026-07-27","SVN","saily-SVN-Standard-10-30-19.99","Select 10 GB - 30 days for 19.99 USD.","","19.99","visible_text"
"saily","Slovenia","SI","Slovenia","https://saily.com/esim-slovenia/","Standard","20","30","33.99","USD","","","2026-07-27","SVN","saily-SVN-Standard-20-30-33.99","Select 20 GB - 30 days for 33.99 USD.","","33.99","visible_text"
"saily","Slovenia","SI","Slovenia","https://saily.com/esim-slovenia/","Unlimited","Unlimited","5","18.99","USD","","","2026-07-27","SVN","5eec3a68-bc56-4881-b4bd-0a89af4fd5d4","Select Unlimited - 5 days for 18.99 USD.","","18.99","offer_schema"
"saily","Slovenia","SI","Slovenia","https://saily.com/esim-slovenia/","Unlimited","Unlimited","7","26.99","USD","","","2026-07-27","SVN","064268f1-15b3-4165-ba3d-dc2796db237d","Select Unlimited - 7 days for 26.99 USD.","","26.99","offer_schema"
"saily","Slovenia","SI","Slovenia","https://saily.com/esim-slovenia/","Unlimited","Unlimited","10","34.99","USD","","","2026-07-27","SVN","85198bfc-04f6-4f2f-b0f0-3ad756b9fc2e","Select Unlimited - 10 days for 34.99 USD.","","34.99","offer_schema"
"saily","Slovenia","SI","Slovenia","https://saily.com/esim-slovenia/","Unlimited","Unlimited","15","48.99","USD","","","2026-07-27","SVN","2efe4fc8-e050-4097-b43d-b9abf532c70f","Select Unlimited - 15 days for 48.99 USD.","","48.99","offer_schema"
"saily","Slovenia","SI","Slovenia","https://saily.com/esim-slovenia/","Unlimited","Unlimited","20","59.99","USD","","","2026-07-27","SVN","7e8199c2-735c-47cf-b6b0-a0e0723115ed","Select Unlimited - 20 days for 59.99 USD.","","59.99","offer_schema"
"saily","Slovenia","SI","Slovenia","https://saily.com/esim-slovenia/","Unlimited","Unlimited","25","65.99","USD","","","2026-07-27","SVN","1523bd40-7442-4e34-a6b9-a9a2495533e2","Select Unlimited - 25 days for 65.99 USD.","","65.99","offer_schema"
"saily","Slovenia","SI","Slovenia","https://saily.com/esim-slovenia/","Unlimited","Unlimited","30","71.99","USD","","","2026-07-27","SVN","8e5a33de-227b-4204-b652-8402aa3da5fb","Select Unlimited - 30 days for 71.99 USD.","","71.99","offer_schema"
"saily","South Africa","ZA","South Africa","https://saily.com/esim-south-africa/","Standard","1","7","3.99","USD","","","2026-07-27","ZAF","saily-ZAF-Standard-1-7-3.99","Select 1 GB - 7 days for 3.99 USD.","","3.99","visible_text"
"saily","South Africa","ZA","South Africa","https://saily.com/esim-south-africa/","Standard","3","30","9.99","USD","","","2026-07-27","ZAF","saily-ZAF-Standard-3-30-9.99","Select 3 GB - 30 days for 9.99 USD.","","9.99","visible_text"
"saily","South Africa","ZA","South Africa","https://saily.com/esim-south-africa/","Standard","5","30","12.99","USD","","","2026-07-27","ZAF","saily-ZAF-Standard-5-30-12.99","Select 5 GB - 30 days for 12.99 USD.","","12.99","visible_text"
"saily","South Africa","ZA","South Africa","https://saily.com/esim-south-africa/","Standard","10","30","22.99","USD","","","2026-07-27","ZAF","saily-ZAF-Standard-10-30-22.99","Select 10 GB - 30 days for 22.99 USD.","","22.99","visible_text"
"saily","South Africa","ZA","South Africa","https://saily.com/esim-south-africa/","Standard","20","30","36.99","USD","","","2026-07-27","ZAF","saily-ZAF-Standard-20-30-36.99","Select 20 GB - 30 days for 36.99 USD.","","36.99","visible_text"
"saily","South Africa","ZA","South Africa","https://saily.com/esim-south-africa/","Unlimited","Unlimited","5","27.99","USD","","","2026-07-27","ZAF","9612aede-8f1d-4f28-81b3-394f81fe79ad","Select Unlimited - 5 days for 27.99 USD.","","27.99","offer_schema"
"saily","South Africa","ZA","South Africa","https://saily.com/esim-south-africa/","Unlimited","Unlimited","10","44.99","USD","","","2026-07-27","ZAF","a1242b45-b71f-4f9c-b4a3-f325c0d76dc7","Select Unlimited - 10 days for 44.99 USD.","","44.99","offer_schema"
"saily","South Africa","ZA","South Africa","https://saily.com/esim-south-africa/","Unlimited","Unlimited","15","59.99","USD","","","2026-07-27","ZAF","165fd9c6-fbdd-4f2a-81c8-acedc648fe8d","Select Unlimited - 15 days for 59.99 USD.","","59.99","offer_schema"
"saily","South Africa","ZA","South Africa","https://saily.com/esim-south-africa/","Unlimited","Unlimited","20","76.99","USD","","","2026-07-27","ZAF","e5397c6c-fbbb-4446-a00e-090c84e7bd7d","Select Unlimited - 20 days for 76.99 USD.","","76.99","offer_schema"
"saily","South Africa","ZA","South Africa","https://saily.com/esim-south-africa/","Unlimited","Unlimited","25","94.99","USD","","","2026-07-27","ZAF","03ee55eb-7ec0-4203-b6b6-8c5d306368b3","Select Unlimited - 25 days for 94.99 USD.","","94.99","offer_schema"
"saily","South Africa","ZA","South Africa","https://saily.com/esim-south-africa/","Unlimited","Unlimited","30","109.99","USD","","","2026-07-27","ZAF","e14575e7-1320-4f20-9e42-0b93b6c6d138","Select Unlimited - 30 days for 109.99 USD.","","109.99","offer_schema"
"saily","South Korea","KR","South Korea","https://saily.com/esim-south-korea/","Standard","1","7","3.99","USD","","","2026-07-27","KOR","saily-KOR-Standard-1-7-3.99","Select 1 GB - 7 days for 3.99 USD.","","3.99","visible_text"
"saily","South Korea","KR","South Korea","https://saily.com/esim-south-korea/","Standard","3","30","8.99","USD","","","2026-07-27","KOR","saily-KOR-Standard-3-30-8.99","Select 3 GB - 30 days for 8.99 USD.","","8.99","visible_text"
"saily","South Korea","KR","South Korea","https://saily.com/esim-south-korea/","Standard","5","30","10.99","USD","","","2026-07-27","KOR","saily-KOR-Standard-5-30-10.99","Select 5 GB - 30 days for 10.99 USD.","","10.99","visible_text"
"saily","South Korea","KR","South Korea","https://saily.com/esim-south-korea/","Standard","10","30","18.99","USD","","","2026-07-27","KOR","saily-KOR-Standard-10-30-18.99","Select 10 GB - 30 days for 18.99 USD.","","18.99","visible_text"
"saily","South Korea","KR","South Korea","https://saily.com/esim-south-korea/","Standard","20","30","29.99","USD","","","2026-07-27","KOR","saily-KOR-Standard-20-30-29.99","Select 20 GB - 30 days for 29.99 USD.","","29.99","visible_text"
"saily","South Korea","KR","South Korea","https://saily.com/esim-south-korea/","Unlimited","Unlimited","5","18.99","USD","","","2026-07-27","KOR","58b348d1-08e1-4f7c-86eb-a2f7243eae1b","Select Unlimited - 5 days for 18.99 USD.","","18.99","offer_schema"
"saily","South Korea","KR","South Korea","https://saily.com/esim-south-korea/","Unlimited","Unlimited","7","26.99","USD","","","2026-07-27","KOR","bd947e5f-1873-4fc9-a803-4db6ced31ae6","Select Unlimited - 7 days for 26.99 USD.","","26.99","offer_schema"
"saily","South Korea","KR","South Korea","https://saily.com/esim-south-korea/","Unlimited","Unlimited","10","34.99","USD","","","2026-07-27","KOR","70676e7b-8b1c-412c-9f56-1fd1c772cab3","Select Unlimited - 10 days for 34.99 USD.","","34.99","offer_schema"
"saily","South Korea","KR","South Korea","https://saily.com/esim-south-korea/","Unlimited","Unlimited","15","48.99","USD","","","2026-07-27","KOR","aa740d79-0eaa-417e-b2cd-67a2737109a1","Select Unlimited - 15 days for 48.99 USD.","","48.99","offer_schema"
"saily","South Korea","KR","South Korea","https://saily.com/esim-south-korea/","Unlimited","Unlimited","20","59.99","USD","","","2026-07-27","KOR","d9f08b81-97fe-4e83-9beb-17e6ae61d171","Select Unlimited - 20 days for 59.99 USD.","","59.99","offer_schema"
"saily","South Korea","KR","South Korea","https://saily.com/esim-south-korea/","Unlimited","Unlimited","25","65.99","USD","","","2026-07-27","KOR","9cf9ec63-e52e-4126-b10f-72be5ca12362","Select Unlimited - 25 days for 65.99 USD.","","65.99","offer_schema"
"saily","South Korea","KR","South Korea","https://saily.com/esim-south-korea/","Unlimited","Unlimited","30","71.99","USD","","","2026-07-27","KOR","b4529beb-3b00-4f6a-b271-c5076b138ac5","Select Unlimited - 30 days for 71.99 USD.","","71.99","offer_schema"
"saily","Spain","ES","Spain","https://saily.com/esim-spain/","Standard","1","7","3.99","USD","","","2026-07-27","ESP","saily-ESP-Standard-1-7-3.99","Select 1 GB - 7 days for 3.99 USD.","","3.99","visible_text"
"saily","Spain","ES","Spain","https://saily.com/esim-spain/","Standard","3","30","6.99","USD","","","2026-07-27","ESP","saily-ESP-Standard-3-30-6.99","Select 3 GB - 30 days for 6.99 USD.","","6.99","visible_text"
"saily","Spain","ES","Spain","https://saily.com/esim-spain/","Standard","5","30","9.99","USD","","","2026-07-27","ESP","saily-ESP-Standard-5-30-9.99","Select 5 GB - 30 days for 9.99 USD.","","9.99","visible_text"
"saily","Spain","ES","Spain","https://saily.com/esim-spain/","Standard","10","30","15.99","USD","","","2026-07-27","ESP","saily-ESP-Standard-10-30-15.99","Select 10 GB - 30 days for 15.99 USD.","","15.99","visible_text"
"saily","Spain","ES","Spain","https://saily.com/esim-spain/","Standard","20","30","22.99","USD","","","2026-07-27","ESP","saily-ESP-Standard-20-30-22.99","Select 20 GB - 30 days for 22.99 USD.","","22.99","visible_text"
"saily","Spain","ES","Spain","https://saily.com/esim-spain/","Unlimited","Unlimited","5","18.99","USD","","","2026-07-27","ESP","df6acb8f-2735-4c84-9091-954127128c5a","Select Unlimited - 5 days for 18.99 USD.","","18.99","offer_schema"
"saily","Spain","ES","Spain","https://saily.com/esim-spain/","Unlimited","Unlimited","7","26.99","USD","","","2026-07-27","ESP","3f88c4ff-a9ad-4380-9683-849551935f69","Select Unlimited - 7 days for 26.99 USD.","","26.99","offer_schema"
"saily","Spain","ES","Spain","https://saily.com/esim-spain/","Unlimited","Unlimited","10","34.99","USD","","","2026-07-27","ESP","10b55ef7-1ed5-4e23-9402-2aee1e2c8098","Select Unlimited - 10 days for 34.99 USD.","","34.99","offer_schema"
"saily","Spain","ES","Spain","https://saily.com/esim-spain/","Unlimited","Unlimited","15","48.99","USD","","","2026-07-27","ESP","72438d0b-da53-4503-9905-8157f4cc9d9f","Select Unlimited - 15 days for 48.99 USD.","","48.99","offer_schema"
"saily","Spain","ES","Spain","https://saily.com/esim-spain/","Unlimited","Unlimited","20","59.99","USD","","","2026-07-27","ESP","33fe83b3-4776-4961-a2e8-412625996e0e","Select Unlimited - 20 days for 59.99 USD.","","59.99","offer_schema"
"saily","Spain","ES","Spain","https://saily.com/esim-spain/","Unlimited","Unlimited","25","65.99","USD","","","2026-07-27","ESP","fbb39f30-396d-4cbb-a0b2-ee2529ea68c5","Select Unlimited - 25 days for 65.99 USD.","","65.99","offer_schema"
"saily","Spain","ES","Spain","https://saily.com/esim-spain/","Unlimited","Unlimited","30","71.99","USD","","","2026-07-27","ESP","69703d25-5d50-4402-91f5-e4fef94996ac","Select Unlimited - 30 days for 71.99 USD.","","71.99","offer_schema"
"saily","Sri Lanka","LK","Sri Lanka","https://saily.com/esim-sri-lanka/","Standard","1","7","3.99","USD","","","2026-07-27","LKA","saily-LKA-Standard-1-7-3.99","Select 1 GB - 7 days for 3.99 USD.","","3.99","visible_text"
"saily","Sri Lanka","LK","Sri Lanka","https://saily.com/esim-sri-lanka/","Standard","3","30","8.99","USD","","","2026-07-27","LKA","saily-LKA-Standard-3-30-8.99","Select 3 GB - 30 days for 8.99 USD.","","8.99","visible_text"
"saily","Sri Lanka","LK","Sri Lanka","https://saily.com/esim-sri-lanka/","Standard","5","30","11.99","USD","","","2026-07-27","LKA","saily-LKA-Standard-5-30-11.99","Select 5 GB - 30 days for 11.99 USD.","","11.99","visible_text"
"saily","Sri Lanka","LK","Sri Lanka","https://saily.com/esim-sri-lanka/","Standard","10","30","19.99","USD","","","2026-07-27","LKA","saily-LKA-Standard-10-30-19.99","Select 10 GB - 30 days for 19.99 USD.","","19.99","visible_text"
"saily","Sri Lanka","LK","Sri Lanka","https://saily.com/esim-sri-lanka/","Standard","20","30","30.99","USD","","","2026-07-27","LKA","saily-LKA-Standard-20-30-30.99","Select 20 GB - 30 days for 30.99 USD.","","30.99","visible_text"
"saily","Sri Lanka","LK","Sri Lanka","https://saily.com/esim-sri-lanka/","Unlimited","Unlimited","5","18.99","USD","","","2026-07-27","LKA","19d59a57-6fda-401b-a958-1d06c5793bee","Select Unlimited - 5 days for 18.99 USD.","","18.99","offer_schema"
"saily","Sri Lanka","LK","Sri Lanka","https://saily.com/esim-sri-lanka/","Unlimited","Unlimited","10","34.99","USD","","","2026-07-27","LKA","42142dfe-cc47-476e-bfa6-f9730beff2f0","Select Unlimited - 10 days for 34.99 USD.","","34.99","offer_schema"
"saily","Sri Lanka","LK","Sri Lanka","https://saily.com/esim-sri-lanka/","Unlimited","Unlimited","15","48.99","USD","","","2026-07-27","LKA","c91a90a6-2cf5-4bdf-8b0b-ca1f848a0064","Select Unlimited - 15 days for 48.99 USD.","","48.99","offer_schema"
"saily","Sri Lanka","LK","Sri Lanka","https://saily.com/esim-sri-lanka/","Unlimited","Unlimited","20","59.99","USD","","","2026-07-27","LKA","9c59944b-e7cf-4659-a7fe-68dc10d2206d","Select Unlimited - 20 days for 59.99 USD.","","59.99","offer_schema"
"saily","Sri Lanka","LK","Sri Lanka","https://saily.com/esim-sri-lanka/","Unlimited","Unlimited","25","65.99","USD","","","2026-07-27","LKA","18b9ec23-cf3a-49ee-b7fd-7860c949dcc8","Select Unlimited - 25 days for 65.99 USD.","","65.99","offer_schema"
"saily","Sri Lanka","LK","Sri Lanka","https://saily.com/esim-sri-lanka/","Unlimited","Unlimited","30","71.99","USD","","","2026-07-27","LKA","7b0053bb-51e2-4be5-b7e0-615d2d598f2f","Select Unlimited - 30 days for 71.99 USD.","","71.99","offer_schema"
"saily","Sudan","SD","Sudan","https://saily.com/esim-sudan/","Standard","1","7","7.99","USD","","","2026-07-27","SDN","saily-SDN-Standard-1-7-7.99","Select 1 GB - 7 days for 7.99 USD.","","7.99","visible_text"
"saily","Sudan","SD","Sudan","https://saily.com/esim-sudan/","Standard","3","30","19.99","USD","","","2026-07-27","SDN","saily-SDN-Standard-3-30-19.99","Select 3 GB - 30 days for 19.99 USD.","","19.99","visible_text"
"saily","Sudan","SD","Sudan","https://saily.com/esim-sudan/","Standard","5","30","31.99","USD","","","2026-07-27","SDN","saily-SDN-Standard-5-30-31.99","Select 5 GB - 30 days for 31.99 USD.","","31.99","visible_text"
"saily","Suriname","SR","Suriname","https://saily.com/esim-suriname/","Standard","1","7","8.49","USD","","","2026-07-27","SUR","saily-SUR-Standard-1-7-8.49","Select 1 GB - 7 days for 8.49 USD.","","8.49","visible_text"
"saily","Suriname","SR","Suriname","https://saily.com/esim-suriname/","Standard","3","30","16.99","USD","","","2026-07-27","SUR","saily-SUR-Standard-3-30-16.99","Select 3 GB - 30 days for 16.99 USD.","","16.99","visible_text"
"saily","Suriname","SR","Suriname","https://saily.com/esim-suriname/","Standard","5","30","22.99","USD","","","2026-07-27","SUR","saily-SUR-Standard-5-30-22.99","Select 5 GB - 30 days for 22.99 USD.","","22.99","visible_text"
"saily","Suriname","SR","Suriname","https://saily.com/esim-suriname/","Standard","10","30","37.99","USD","","","2026-07-27","SUR","saily-SUR-Standard-10-30-37.99","Select 10 GB - 30 days for 37.99 USD.","","37.99","visible_text"
"saily","Sweden","SE","Sweden","https://saily.com/esim-sweden/","Standard","1","7","3.99","USD","","","2026-07-27","SWE","saily-SWE-Standard-1-7-3.99","Select 1 GB - 7 days for 3.99 USD.","","3.99","visible_text"
"saily","Sweden","SE","Sweden","https://saily.com/esim-sweden/","Standard","3","30","6.99","USD","","","2026-07-27","SWE","saily-SWE-Standard-3-30-6.99","Select 3 GB - 30 days for 6.99 USD.","","6.99","visible_text"
"saily","Sweden","SE","Sweden","https://saily.com/esim-sweden/","Standard","5","30","9.99","USD","","","2026-07-27","SWE","saily-SWE-Standard-5-30-9.99","Select 5 GB - 30 days for 9.99 USD.","","9.99","visible_text"
"saily","Sweden","SE","Sweden","https://saily.com/esim-sweden/","Standard","10","30","15.99","USD","","","2026-07-27","SWE","saily-SWE-Standard-10-30-15.99","Select 10 GB - 30 days for 15.99 USD.","","15.99","visible_text"
"saily","Sweden","SE","Sweden","https://saily.com/esim-sweden/","Standard","20","30","26.99","USD","","","2026-07-27","SWE","saily-SWE-Standard-20-30-26.99","Select 20 GB - 30 days for 26.99 USD.","","26.99","visible_text"
"saily","Sweden","SE","Sweden","https://saily.com/esim-sweden/","Unlimited","Unlimited","5","18.99","USD","","","2026-07-27","SWE","e49e622a-3ea5-4fb0-bc38-b829e18c844a","Select Unlimited - 5 days for 18.99 USD.","","18.99","offer_schema"
"saily","Sweden","SE","Sweden","https://saily.com/esim-sweden/","Unlimited","Unlimited","7","26.99","USD","","","2026-07-27","SWE","dec0b8c3-d939-47a3-92d4-83e7c7af1939","Select Unlimited - 7 days for 26.99 USD.","","26.99","offer_schema"
"saily","Sweden","SE","Sweden","https://saily.com/esim-sweden/","Unlimited","Unlimited","10","34.99","USD","","","2026-07-27","SWE","0e32b37b-def3-49c8-bd42-f383b4827c60","Select Unlimited - 10 days for 34.99 USD.","","34.99","offer_schema"
"saily","Sweden","SE","Sweden","https://saily.com/esim-sweden/","Unlimited","Unlimited","15","48.99","USD","","","2026-07-27","SWE","eb76fa2f-b6f5-4a25-b7a6-3b7d3e71a5bb","Select Unlimited - 15 days for 48.99 USD.","","48.99","offer_schema"
"saily","Sweden","SE","Sweden","https://saily.com/esim-sweden/","Unlimited","Unlimited","20","59.99","USD","","","2026-07-27","SWE","97ab0f57-0d7e-4328-98e6-e4d95c581108","Select Unlimited - 20 days for 59.99 USD.","","59.99","offer_schema"
"saily","Sweden","SE","Sweden","https://saily.com/esim-sweden/","Unlimited","Unlimited","25","65.99","USD","","","2026-07-27","SWE","49dc547b-e660-4427-8439-07abe1640d08","Select Unlimited - 25 days for 65.99 USD.","","65.99","offer_schema"
"saily","Sweden","SE","Sweden","https://saily.com/esim-sweden/","Unlimited","Unlimited","30","71.99","USD","","","2026-07-27","SWE","511ad5be-dd7f-4b18-bd0d-8284bdccd847","Select Unlimited - 30 days for 71.99 USD.","","71.99","offer_schema"
"saily","Switzerland","CH","Switzerland","https://saily.com/esim-switzerland/","Standard","1","7","3.99","USD","","","2026-07-27","CHE","saily-CHE-Standard-1-7-3.99","Select 1 GB - 7 days for 3.99 USD.","","3.99","visible_text"
"saily","Switzerland","CH","Switzerland","https://saily.com/esim-switzerland/","Standard","3","30","9.99","USD","","","2026-07-27","CHE","saily-CHE-Standard-3-30-9.99","Select 3 GB - 30 days for 9.99 USD.","","9.99","visible_text"
"saily","Switzerland","CH","Switzerland","https://saily.com/esim-switzerland/","Standard","5","30","13.99","USD","","","2026-07-27","CHE","saily-CHE-Standard-5-30-13.99","Select 5 GB - 30 days for 13.99 USD.","","13.99","visible_text"
"saily","Switzerland","CH","Switzerland","https://saily.com/esim-switzerland/","Standard","10","30","22.99","USD","","","2026-07-27","CHE","saily-CHE-Standard-10-30-22.99","Select 10 GB - 30 days for 22.99 USD.","","22.99","visible_text"
"saily","Switzerland","CH","Switzerland","https://saily.com/esim-switzerland/","Standard","20","30","36.99","USD","","","2026-07-27","CHE","saily-CHE-Standard-20-30-36.99","Select 20 GB - 30 days for 36.99 USD.","","36.99","visible_text"
"saily","Switzerland","CH","Switzerland","https://saily.com/esim-switzerland/","Unlimited","Unlimited","3","11.49","USD","","","2026-07-27","CHE","f6e26863-7b1c-4674-823f-b0117ff7e500","Select Unlimited - 3 days for 11.49 USD.","","11.49","offer_schema"
"saily","Switzerland","CH","Switzerland","https://saily.com/esim-switzerland/","Unlimited","Unlimited","5","18.99","USD","","","2026-07-27","CHE","42166da4-193b-41e2-a7ae-be7ec753b4b2","Select Unlimited - 5 days for 18.99 USD.","","18.99","offer_schema"
"saily","Switzerland","CH","Switzerland","https://saily.com/esim-switzerland/","Unlimited","Unlimited","7","26.99","USD","","","2026-07-27","CHE","1af695e4-8646-41e9-b6de-9cf105c3608d","Select Unlimited - 7 days for 26.99 USD.","","26.99","offer_schema"
"saily","Switzerland","CH","Switzerland","https://saily.com/esim-switzerland/","Unlimited","Unlimited","10","34.99","USD","","","2026-07-27","CHE","0a0d9395-fd44-4aa3-aec0-99009f98ea48","Select Unlimited - 10 days for 34.99 USD.","","34.99","offer_schema"
"saily","Switzerland","CH","Switzerland","https://saily.com/esim-switzerland/","Unlimited","Unlimited","15","48.99","USD","","","2026-07-27","CHE","d0eb3609-1ca0-4481-a7c7-0aa078f2b199","Select Unlimited - 15 days for 48.99 USD.","","48.99","offer_schema"
"saily","Switzerland","CH","Switzerland","https://saily.com/esim-switzerland/","Unlimited","Unlimited","20","59.99","USD","","","2026-07-27","CHE","75a3cc66-c1a6-4eb9-b40b-5063fed7e8e0","Select Unlimited - 20 days for 59.99 USD.","","59.99","offer_schema"
"saily","Switzerland","CH","Switzerland","https://saily.com/esim-switzerland/","Unlimited","Unlimited","25","65.99","USD","","","2026-07-27","CHE","f06be286-c69d-43e8-916b-bf8b17c2f162","Select Unlimited - 25 days for 65.99 USD.","","65.99","offer_schema"
"saily","Switzerland","CH","Switzerland","https://saily.com/esim-switzerland/","Unlimited","Unlimited","30","71.99","USD","","","2026-07-27","CHE","8022fc12-00ea-4a77-83b7-0051d3d28968","Select Unlimited - 30 days for 71.99 USD.","","71.99","offer_schema"
"saily","Taiwan","TW","Taiwan","https://saily.com/esim-taiwan/","Standard","1","7","3.99","USD","","","2026-07-27","TWN","saily-TWN-Standard-1-7-3.99","Select 1 GB - 7 days for 3.99 USD.","","3.99","visible_text"
"saily","Taiwan","TW","Taiwan","https://saily.com/esim-taiwan/","Standard","3","30","8.99","USD","","","2026-07-27","TWN","saily-TWN-Standard-3-30-8.99","Select 3 GB - 30 days for 8.99 USD.","","8.99","visible_text"
"saily","Taiwan","TW","Taiwan","https://saily.com/esim-taiwan/","Standard","5","30","11.99","USD","","","2026-07-27","TWN","saily-TWN-Standard-5-30-11.99","Select 5 GB - 30 days for 11.99 USD.","","11.99","visible_text"
"saily","Taiwan","TW","Taiwan","https://saily.com/esim-taiwan/","Standard","10","30","19.99","USD","","","2026-07-27","TWN","saily-TWN-Standard-10-30-19.99","Select 10 GB - 30 days for 19.99 USD.","","19.99","visible_text"
"saily","Taiwan","TW","Taiwan","https://saily.com/esim-taiwan/","Standard","20","30","30.99","USD","","","2026-07-27","TWN","saily-TWN-Standard-20-30-30.99","Select 20 GB - 30 days for 30.99 USD.","","30.99","visible_text"
"saily","Taiwan","TW","Taiwan","https://saily.com/esim-taiwan/","Unlimited","Unlimited","5","21.99","USD","","","2026-07-27","TWN","e0e86b78-669f-4e1b-a733-192b2fbf4bad","Select Unlimited - 5 days for 21.99 USD.","","21.99","offer_schema"
"saily","Taiwan","TW","Taiwan","https://saily.com/esim-taiwan/","Unlimited","Unlimited","7","26.99","USD","","","2026-07-27","TWN","1b1ca8ce-554d-4500-8ca0-531ec22351fd","Select Unlimited - 7 days for 26.99 USD.","","26.99","offer_schema"
"saily","Taiwan","TW","Taiwan","https://saily.com/esim-taiwan/","Unlimited","Unlimited","10","34.99","USD","","","2026-07-27","TWN","18a6b1a2-dd9b-473d-8a86-257477fb7fa7","Select Unlimited - 10 days for 34.99 USD.","","34.99","offer_schema"
"saily","Taiwan","TW","Taiwan","https://saily.com/esim-taiwan/","Unlimited","Unlimited","15","48.99","USD","","","2026-07-27","TWN","07a76454-7476-4416-b418-a8a200b4dd79","Select Unlimited - 15 days for 48.99 USD.","","48.99","offer_schema"
"saily","Taiwan","TW","Taiwan","https://saily.com/esim-taiwan/","Unlimited","Unlimited","20","59.99","USD","","","2026-07-27","TWN","d7cb59d4-867d-4884-b660-2c81742cd226","Select Unlimited - 20 days for 59.99 USD.","","59.99","offer_schema"
"saily","Taiwan","TW","Taiwan","https://saily.com/esim-taiwan/","Unlimited","Unlimited","25","65.99","USD","","","2026-07-27","TWN","5621db31-bf8b-43a2-8332-11da0f1738b2","Select Unlimited - 25 days for 65.99 USD.","","65.99","offer_schema"
"saily","Taiwan","TW","Taiwan","https://saily.com/esim-taiwan/","Unlimited","Unlimited","30","71.99","USD","","","2026-07-27","TWN","6458df0d-8cc6-484e-affd-eaf05c821884","Select Unlimited - 30 days for 71.99 USD.","","71.99","offer_schema"
"saily","Tajikistan","TJ","Tajikistan","https://saily.com/esim-tajikistan/","Standard","1","7","7.99","USD","","","2026-07-27","TJK","saily-TJK-Standard-1-7-7.99","Select 1 GB - 7 days for 7.99 USD.","","7.99","visible_text"
"saily","Tajikistan","TJ","Tajikistan","https://saily.com/esim-tajikistan/","Standard","3","30","19.99","USD","","","2026-07-27","TJK","saily-TJK-Standard-3-30-19.99","Select 3 GB - 30 days for 19.99 USD.","","19.99","visible_text"
"saily","Tajikistan","TJ","Tajikistan","https://saily.com/esim-tajikistan/","Standard","5","30","31.99","USD","","","2026-07-27","TJK","saily-TJK-Standard-5-30-31.99","Select 5 GB - 30 days for 31.99 USD.","","31.99","visible_text"
"saily","Tanzania","TZ","Tanzania","https://saily.com/esim-tanzania/","Standard","1","7","4.49","USD","","","2026-07-27","TZA","saily-TZA-Standard-1-7-4.49","Select 1 GB - 7 days for 4.49 USD.","","4.49","visible_text"
"saily","Tanzania","TZ","Tanzania","https://saily.com/esim-tanzania/","Standard","3","30","11.99","USD","","","2026-07-27","TZA","saily-TZA-Standard-3-30-11.99","Select 3 GB - 30 days for 11.99 USD.","","11.99","visible_text"
"saily","Tanzania","TZ","Tanzania","https://saily.com/esim-tanzania/","Standard","5","30","16.99","USD","","","2026-07-27","TZA","saily-TZA-Standard-5-30-16.99","Select 5 GB - 30 days for 16.99 USD.","","16.99","visible_text"
"saily","Tanzania","TZ","Tanzania","https://saily.com/esim-tanzania/","Standard","10","30","28.99","USD","","","2026-07-27","TZA","saily-TZA-Standard-10-30-28.99","Select 10 GB - 30 days for 28.99 USD.","","28.99","visible_text"
"saily","Tanzania","TZ","Tanzania","https://saily.com/esim-tanzania/","Standard","20","30","44.99","USD","","","2026-07-27","TZA","saily-TZA-Standard-20-30-44.99","Select 20 GB - 30 days for 44.99 USD.","","44.99","visible_text"
"saily","Thailand","TH","Thailand","https://saily.com/esim-thailand/","Standard","1","7","2.99","USD","","","2026-07-27","THA","saily-THA-Standard-1-7-2.99","Select 1 GB - 7 days for 2.99 USD.","","2.99","visible_text"
"saily","Thailand","TH","Thailand","https://saily.com/esim-thailand/","Standard","3","30","5.99","USD","","","2026-07-27","THA","saily-THA-Standard-3-30-5.99","Select 3 GB - 30 days for 5.99 USD.","","5.99","visible_text"
"saily","Thailand","TH","Thailand","https://saily.com/esim-thailand/","Standard","5","30","7.99","USD","","","2026-07-27","THA","saily-THA-Standard-5-30-7.99","Select 5 GB - 30 days for 7.99 USD.","","7.99","visible_text"
"saily","Thailand","TH","Thailand","https://saily.com/esim-thailand/","Standard","10","30","10.99","USD","","","2026-07-27","THA","saily-THA-Standard-10-30-10.99","Select 10 GB - 30 days for 10.99 USD.","","10.99","visible_text"
"saily","Thailand","TH","Thailand","https://saily.com/esim-thailand/","Standard","20","30","19.99","USD","","","2026-07-27","THA","saily-THA-Standard-20-30-19.99","Select 20 GB - 30 days for 19.99 USD.","","19.99","visible_text"
"saily","Thailand","TH","Thailand","https://saily.com/esim-thailand/","Unlimited","Unlimited","5","14.99","USD","","","2026-07-27","THA","e2bdbcc7-9bd0-429c-a3ff-cf6c78882b57","Select Unlimited - 5 days for 14.99 USD.","","14.99","offer_schema"
"saily","Thailand","TH","Thailand","https://saily.com/esim-thailand/","Unlimited","Unlimited","7","20.99","USD","","","2026-07-27","THA","be1dcbbc-8e83-49bf-ab41-166fefb0b1de","Select Unlimited - 7 days for 20.99 USD.","","20.99","offer_schema"
"saily","Thailand","TH","Thailand","https://saily.com/esim-thailand/","Unlimited","Unlimited","10","30.99","USD","","","2026-07-27","THA","a20248d9-9dfe-46ba-a7ed-787dbc96ebd2","Select Unlimited - 10 days for 30.99 USD.","","30.99","offer_schema"
"saily","Thailand","TH","Thailand","https://saily.com/esim-thailand/","Unlimited","Unlimited","15","38.99","USD","","","2026-07-27","THA","9ad97f0d-0094-4c58-b509-e925c6f2e978","Select Unlimited - 15 days for 38.99 USD.","","38.99","offer_schema"
"saily","Thailand","TH","Thailand","https://saily.com/esim-thailand/","Unlimited","Unlimited","20","43.99","USD","","","2026-07-27","THA","1d8f60ca-217b-4a93-bd36-edd2b28f568d","Select Unlimited - 20 days for 43.99 USD.","","43.99","offer_schema"
"saily","Thailand","TH","Thailand","https://saily.com/esim-thailand/","Unlimited","Unlimited","25","47.99","USD","","","2026-07-27","THA","ff009c8e-4015-4da0-ba02-9bc2055304da","Select Unlimited - 25 days for 47.99 USD.","","47.99","offer_schema"
"saily","Thailand","TH","Thailand","https://saily.com/esim-thailand/","Unlimited","Unlimited","30","48.99","USD","","","2026-07-27","THA","908bffa6-3109-4eba-88b1-471d2aa22a81","Select Unlimited - 30 days for 48.99 USD.","","48.99","offer_schema"
"saily","Togo","TG","Togo","https://saily.com/esim-togo/","Standard","1","7","9.49","USD","","","2026-07-27","TGO","saily-TGO-Standard-1-7-9.49","Select 1 GB - 7 days for 9.49 USD.","","9.49","visible_text"
"saily","Togo","TG","Togo","https://saily.com/esim-togo/","Standard","3","30","27.99","USD","","","2026-07-27","TGO","saily-TGO-Standard-3-30-27.99","Select 3 GB - 30 days for 27.99 USD.","","27.99","visible_text"
"saily","Togo","TG","Togo","https://saily.com/esim-togo/","Standard","5","30","44.99","USD","","","2026-07-27","TGO","saily-TGO-Standard-5-30-44.99","Select 5 GB - 30 days for 44.99 USD.","","44.99","visible_text"
"saily","Tonga","TO","Tonga","https://saily.com/esim-tonga/","Standard","1","7","4.99","USD","","","2026-07-27","TON","saily-TON-Standard-1-7-4.99","Select 1 GB - 7 days for 4.99 USD.","","4.99","visible_text"
"saily","Tonga","TO","Tonga","https://saily.com/esim-tonga/","Standard","3","30","12.99","USD","","","2026-07-27","TON","saily-TON-Standard-3-30-12.99","Select 3 GB - 30 days for 12.99 USD.","","12.99","visible_text"
"saily","Tonga","TO","Tonga","https://saily.com/esim-tonga/","Standard","5","30","18.99","USD","","","2026-07-27","TON","saily-TON-Standard-5-30-18.99","Select 5 GB - 30 days for 18.99 USD.","","18.99","visible_text"
"saily","Tunisia","TN","Tunisia","https://saily.com/esim-tunisia/","Standard","1","7","3.99","USD","","","2026-07-27","TUN","saily-TUN-Standard-1-7-3.99","Select 1 GB - 7 days for 3.99 USD.","","3.99","visible_text"
"saily","Tunisia","TN","Tunisia","https://saily.com/esim-tunisia/","Standard","3","30","8.99","USD","","","2026-07-27","TUN","saily-TUN-Standard-3-30-8.99","Select 3 GB - 30 days for 8.99 USD.","","8.99","visible_text"
"saily","Tunisia","TN","Tunisia","https://saily.com/esim-tunisia/","Standard","5","30","11.99","USD","","","2026-07-27","TUN","saily-TUN-Standard-5-30-11.99","Select 5 GB - 30 days for 11.99 USD.","","11.99","visible_text"
"saily","Tunisia","TN","Tunisia","https://saily.com/esim-tunisia/","Standard","10","30","19.99","USD","","","2026-07-27","TUN","saily-TUN-Standard-10-30-19.99","Select 10 GB - 30 days for 19.99 USD.","","19.99","visible_text"
"saily","Tunisia","TN","Tunisia","https://saily.com/esim-tunisia/","Standard","20","30","31.99","USD","","","2026-07-27","TUN","saily-TUN-Standard-20-30-31.99","Select 20 GB - 30 days for 31.99 USD.","","31.99","visible_text"
"saily","Tunisia","TN","Tunisia","https://saily.com/esim-tunisia/","Unlimited","Unlimited","5","27.99","USD","","","2026-07-27","TUN","0ad3086f-a62d-4f82-9c63-f58537591ef5","Select Unlimited - 5 days for 27.99 USD.","","27.99","offer_schema"
"saily","Tunisia","TN","Tunisia","https://saily.com/esim-tunisia/","Unlimited","Unlimited","10","44.99","USD","","","2026-07-27","TUN","3b0f8789-662f-4085-854a-e10d8b2b7787","Select Unlimited - 10 days for 44.99 USD.","","44.99","offer_schema"
"saily","Tunisia","TN","Tunisia","https://saily.com/esim-tunisia/","Unlimited","Unlimited","15","59.99","USD","","","2026-07-27","TUN","2134c8ea-0d80-45e1-b6d8-a9cb879b15d4","Select Unlimited - 15 days for 59.99 USD.","","59.99","offer_schema"
"saily","Tunisia","TN","Tunisia","https://saily.com/esim-tunisia/","Unlimited","Unlimited","20","76.99","USD","","","2026-07-27","TUN","5668d74d-d413-43ae-847e-da6973493ed9","Select Unlimited - 20 days for 76.99 USD.","","76.99","offer_schema"
"saily","Tunisia","TN","Tunisia","https://saily.com/esim-tunisia/","Unlimited","Unlimited","25","86.99","USD","","","2026-07-27","TUN","646b62cc-44af-4f14-b8e3-5f56bc32a1f0","Select Unlimited - 25 days for 86.99 USD.","","86.99","offer_schema"
"saily","Tunisia","TN","Tunisia","https://saily.com/esim-tunisia/","Unlimited","Unlimited","30","98.99","USD","","","2026-07-27","TUN","8205f212-7328-4a5b-a98b-2652d6dc35ea","Select Unlimited - 30 days for 98.99 USD.","","98.99","offer_schema"
"saily","Turkey","TR","Turkey","https://saily.com/esim-turkey/","Standard","1","7","3.99","USD","","","2026-07-27","TUR","saily-TUR-Standard-1-7-3.99","Select 1 GB - 7 days for 3.99 USD.","","3.99","visible_text"
"saily","Turkey","TR","Turkey","https://saily.com/esim-turkey/","Standard","3","30","6.99","USD","","","2026-07-27","TUR","saily-TUR-Standard-3-30-6.99","Select 3 GB - 30 days for 6.99 USD.","","6.99","visible_text"
"saily","Turkey","TR","Turkey","https://saily.com/esim-turkey/","Standard","5","30","9.99","USD","","","2026-07-27","TUR","saily-TUR-Standard-5-30-9.99","Select 5 GB - 30 days for 9.99 USD.","","9.99","visible_text"
"saily","Turkey","TR","Turkey","https://saily.com/esim-turkey/","Standard","10","30","15.99","USD","","","2026-07-27","TUR","saily-TUR-Standard-10-30-15.99","Select 10 GB - 30 days for 15.99 USD.","","15.99","visible_text"
"saily","Turkey","TR","Turkey","https://saily.com/esim-turkey/","Standard","20","30","22.99","USD","","","2026-07-27","TUR","saily-TUR-Standard-20-30-22.99","Select 20 GB - 30 days for 22.99 USD.","","22.99","visible_text"
"saily","Turkey","TR","Turkey","https://saily.com/esim-turkey/","Unlimited","Unlimited","5","18.99","USD","","","2026-07-27","TUR","056c0bb6-efde-4ce4-9246-870ae665170b","Select Unlimited - 5 days for 18.99 USD.","","18.99","offer_schema"
"saily","Turkey","TR","Turkey","https://saily.com/esim-turkey/","Unlimited","Unlimited","7","26.99","USD","","","2026-07-27","TUR","f87cd020-216a-4b5f-a68a-f3a3ab2a8eb4","Select Unlimited - 7 days for 26.99 USD.","","26.99","offer_schema"
"saily","Turkey","TR","Turkey","https://saily.com/esim-turkey/","Unlimited","Unlimited","10","34.99","USD","","","2026-07-27","TUR","08359a18-5c5c-453a-b582-dbcc0c0f982e","Select Unlimited - 10 days for 34.99 USD.","","34.99","offer_schema"
"saily","Turkey","TR","Turkey","https://saily.com/esim-turkey/","Unlimited","Unlimited","15","48.99","USD","","","2026-07-27","TUR","21d981d6-37f7-45b6-b890-03091c059e6f","Select Unlimited - 15 days for 48.99 USD.","","48.99","offer_schema"
"saily","Turkey","TR","Turkey","https://saily.com/esim-turkey/","Unlimited","Unlimited","20","59.99","USD","","","2026-07-27","TUR","4751c31d-6c60-419a-81b0-4d71a138c923","Select Unlimited - 20 days for 59.99 USD.","","59.99","offer_schema"
"saily","Turkey","TR","Turkey","https://saily.com/esim-turkey/","Unlimited","Unlimited","25","65.99","USD","","","2026-07-27","TUR","41f62c2a-1355-4613-ab5c-092a289a3975","Select Unlimited - 25 days for 65.99 USD.","","65.99","offer_schema"
"saily","Turkey","TR","Turkey","https://saily.com/esim-turkey/","Unlimited","Unlimited","30","71.99","USD","","","2026-07-27","TUR","9318921b-ed9a-4528-bdb6-e5818a95a2dc","Select Unlimited - 30 days for 71.99 USD.","","71.99","offer_schema"
"saily","Turks And Caicos Islands","TC","Turks and Caicos Islands","https://saily.com/esim-turks-and-caicos-islands/","Standard","1","7","8.99","USD","","","2026-07-27","TCA","saily-TCA-Standard-1-7-8.99","Select 1 GB - 7 days for 8.99 USD.","","8.99","visible_text"
"saily","Turks And Caicos Islands","TC","Turks and Caicos Islands","https://saily.com/esim-turks-and-caicos-islands/","Standard","3","30","20.99","USD","","","2026-07-27","TCA","saily-TCA-Standard-3-30-20.99","Select 3 GB - 30 days for 20.99 USD.","","20.99","visible_text"
"saily","Turks And Caicos Islands","TC","Turks and Caicos Islands","https://saily.com/esim-turks-and-caicos-islands/","Standard","5","30","29.99","USD","","","2026-07-27","TCA","saily-TCA-Standard-5-30-29.99","Select 5 GB - 30 days for 29.99 USD.","","29.99","visible_text"
"saily","United Kingdom","GB","UK","https://saily.com/esim-united-kingdom/","Standard","1","7","4.49","USD","","","2026-07-27","GBR","saily-GBR-Standard-1-7-4.49","Select 1 GB - 7 days for 4.49 USD.","","4.49","visible_text"
"saily","United Kingdom","GB","UK","https://saily.com/esim-united-kingdom/","Standard","3","30","8.99","USD","","","2026-07-27","GBR","saily-GBR-Standard-3-30-8.99","Select 3 GB - 30 days for 8.99 USD.","","8.99","visible_text"
"saily","United Kingdom","GB","UK","https://saily.com/esim-united-kingdom/","Standard","5","30","12.99","USD","","","2026-07-27","GBR","saily-GBR-Standard-5-30-12.99","Select 5 GB - 30 days for 12.99 USD.","","12.99","visible_text"
"saily","United Kingdom","GB","UK","https://saily.com/esim-united-kingdom/","Standard","10","30","18.99","USD","","","2026-07-27","GBR","saily-GBR-Standard-10-30-18.99","Select 10 GB - 30 days for 18.99 USD.","","18.99","visible_text"
"saily","United Kingdom","GB","UK","https://saily.com/esim-united-kingdom/","Standard","20","30","30.99","USD","","","2026-07-27","GBR","saily-GBR-Standard-20-30-30.99","Select 20 GB - 30 days for 30.99 USD.","","30.99","visible_text"
"saily","United Kingdom","GB","UK","https://saily.com/esim-united-kingdom/","Unlimited","Unlimited","5","18.99","USD","","","2026-07-27","GBR","2683af19-fdf8-490d-a924-de375fa07a74","Select Unlimited - 5 days for 18.99 USD.","","18.99","offer_schema"
"saily","United Kingdom","GB","UK","https://saily.com/esim-united-kingdom/","Unlimited","Unlimited","7","26.99","USD","","","2026-07-27","GBR","c7fd3c0d-13a4-46fa-b2cd-87042d44dbaf","Select Unlimited - 7 days for 26.99 USD.","","26.99","offer_schema"
"saily","United Kingdom","GB","UK","https://saily.com/esim-united-kingdom/","Unlimited","Unlimited","10","34.99","USD","","","2026-07-27","GBR","d9f4b1c4-8e4b-470e-a707-95cd5fd946c5","Select Unlimited - 10 days for 34.99 USD.","","34.99","offer_schema"
"saily","United Kingdom","GB","UK","https://saily.com/esim-united-kingdom/","Unlimited","Unlimited","15","48.99","USD","","","2026-07-27","GBR","16a094a9-b864-4ab9-87e8-eaebdec342dd","Select Unlimited - 15 days for 48.99 USD.","","48.99","offer_schema"
"saily","United Kingdom","GB","UK","https://saily.com/esim-united-kingdom/","Unlimited","Unlimited","20","59.99","USD","","","2026-07-27","GBR","2c783708-dc9e-4ad1-9529-c1214c42f0b1","Select Unlimited - 20 days for 59.99 USD.","","59.99","offer_schema"
"saily","United Kingdom","GB","UK","https://saily.com/esim-united-kingdom/","Unlimited","Unlimited","25","65.99","USD","","","2026-07-27","GBR","c76f15d7-5cb5-4e5d-bbb1-e781355f7abf","Select Unlimited - 25 days for 65.99 USD.","","65.99","offer_schema"
"saily","United Kingdom","GB","UK","https://saily.com/esim-united-kingdom/","Unlimited","Unlimited","30","71.99","USD","","","2026-07-27","GBR","99bc141a-09a4-4003-af0c-a932b19d3b58","Select Unlimited - 30 days for 71.99 USD.","","71.99","offer_schema"
"saily","United States","US","USA","https://saily.com/esim-united-states/","Standard","1","7","3.99","USD","","","2026-07-27","USA","saily-USA-Standard-1-7-3.99","Select 1 GB - 7 days for 3.99 USD.","","3.99","visible_text"
"saily","United States","US","USA","https://saily.com/esim-united-states/","Standard","3","30","8.99","USD","","","2026-07-27","USA","saily-USA-Standard-3-30-8.99","Select 3 GB - 30 days for 8.99 USD.","","8.99","visible_text"
"saily","United States","US","USA","https://saily.com/esim-united-states/","Standard","5","30","13.99","USD","","","2026-07-27","USA","saily-USA-Standard-5-30-13.99","Select 5 GB - 30 days for 13.99 USD.","","13.99","visible_text"
"saily","United States","US","USA","https://saily.com/esim-united-states/","Standard","10","30","22.99","USD","","","2026-07-27","USA","saily-USA-Standard-10-30-22.99","Select 10 GB - 30 days for 22.99 USD.","","22.99","visible_text"
"saily","United States","US","USA","https://saily.com/esim-united-states/","Standard","20","30","36.99","USD","","","2026-07-27","USA","saily-USA-Standard-20-30-36.99","Select 20 GB - 30 days for 36.99 USD.","","36.99","visible_text"
"saily","United States","US","USA","https://saily.com/esim-united-states/","Unlimited","Unlimited","5","18.99","USD","","","2026-07-27","USA","b37bed33-924c-4ce0-970f-f8cf04894000","Select Unlimited - 5 days for 18.99 USD.","","18.99","offer_schema"
"saily","United States","US","USA","https://saily.com/esim-united-states/","Unlimited","Unlimited","7","26.99","USD","","","2026-07-27","USA","028573dd-5d96-41d1-9ed2-a47c8e6337c9","Select Unlimited - 7 days for 26.99 USD.","","26.99","offer_schema"
"saily","United States","US","USA","https://saily.com/esim-united-states/","Unlimited","Unlimited","10","34.99","USD","","","2026-07-27","USA","7a57d214-fe77-4357-8119-18e7bc99bcdf","Select Unlimited - 10 days for 34.99 USD.","","34.99","offer_schema"
"saily","United States","US","USA","https://saily.com/esim-united-states/","Unlimited","Unlimited","15","48.99","USD","","","2026-07-27","USA","f28a2242-8127-4225-b62b-f01acd495953","Select Unlimited - 15 days for 48.99 USD.","","48.99","offer_schema"
"saily","United States","US","USA","https://saily.com/esim-united-states/","Unlimited","Unlimited","20","59.99","USD","","","2026-07-27","USA","b90d3926-be16-4dea-928c-2a35af16c26e","Select Unlimited - 20 days for 59.99 USD.","","59.99","offer_schema"
"saily","United States","US","USA","https://saily.com/esim-united-states/","Unlimited","Unlimited","25","65.99","USD","","","2026-07-27","USA","ae484107-454c-4b15-8373-be7b0cc06488","Select Unlimited - 25 days for 65.99 USD.","","65.99","offer_schema"
"saily","United States","US","USA","https://saily.com/esim-united-states/","Unlimited","Unlimited","30","71.99","USD","","","2026-07-27","USA","bc60b033-7ab8-4c39-86f2-131c8353c867","Select Unlimited - 30 days for 71.99 USD.","","71.99","offer_schema"
"saily","Ukraine","UA","Ukraine","https://saily.com/esim-ukraine/","Standard","1","7","3.99","USD","","","2026-07-27","UKR","saily-UKR-Standard-1-7-3.99","Select 1 GB - 7 days for 3.99 USD.","","3.99","visible_text"
"saily","Ukraine","UA","Ukraine","https://saily.com/esim-ukraine/","Standard","3","30","7.99","USD","","","2026-07-27","UKR","saily-UKR-Standard-3-30-7.99","Select 3 GB - 30 days for 7.99 USD.","","7.99","visible_text"
"saily","Ukraine","UA","Ukraine","https://saily.com/esim-ukraine/","Standard","5","30","10.99","USD","","","2026-07-27","UKR","saily-UKR-Standard-5-30-10.99","Select 5 GB - 30 days for 10.99 USD.","","10.99","visible_text"
"saily","Ukraine","UA","Ukraine","https://saily.com/esim-ukraine/","Standard","10","30","17.99","USD","","","2026-07-27","UKR","saily-UKR-Standard-10-30-17.99","Select 10 GB - 30 days for 17.99 USD.","","17.99","visible_text"
"saily","Ukraine","UA","Ukraine","https://saily.com/esim-ukraine/","Standard","20","30","26.99","USD","","","2026-07-27","UKR","saily-UKR-Standard-20-30-26.99","Select 20 GB - 30 days for 26.99 USD.","","26.99","visible_text"
"saily","Uruguay","UY","Uruguay","https://saily.com/esim-uruguay/","Standard","1","7","7.99","USD","","","2026-07-27","URY","saily-URY-Standard-1-7-7.99","Select 1 GB - 7 days for 7.99 USD.","","7.99","visible_text"
"saily","Uruguay","UY","Uruguay","https://saily.com/esim-uruguay/","Standard","3","30","19.99","USD","","","2026-07-27","URY","saily-URY-Standard-3-30-19.99","Select 3 GB - 30 days for 19.99 USD.","","19.99","visible_text"
"saily","Uruguay","UY","Uruguay","https://saily.com/esim-uruguay/","Standard","5","30","31.99","USD","","","2026-07-27","URY","saily-URY-Standard-5-30-31.99","Select 5 GB - 30 days for 31.99 USD.","","31.99","visible_text"
"saily","Uruguay","UY","Uruguay","https://saily.com/esim-uruguay/","Standard","10","30","42.99","USD","","","2026-07-27","URY","saily-URY-Standard-10-30-42.99","Select 10 GB - 30 days for 42.99 USD.","","42.99","visible_text"
"saily","Uruguay","UY","Uruguay","https://saily.com/esim-uruguay/","Standard","20","30","56.99","USD","","","2026-07-27","URY","saily-URY-Standard-20-30-56.99","Select 20 GB - 30 days for 56.99 USD.","","56.99","visible_text"
"saily","Uzbekistan","UZ","Uzbekistan","https://saily.com/esim-uzbekistan/","Standard","1","7","4.99","USD","","","2026-07-27","UZB","saily-UZB-Standard-1-7-4.99","Select 1 GB - 7 days for 4.99 USD.","","4.99","visible_text"
"saily","Uzbekistan","UZ","Uzbekistan","https://saily.com/esim-uzbekistan/","Standard","3","30","9.99","USD","","","2026-07-27","UZB","saily-UZB-Standard-3-30-9.99","Select 3 GB - 30 days for 9.99 USD.","","9.99","visible_text"
"saily","Uzbekistan","UZ","Uzbekistan","https://saily.com/esim-uzbekistan/","Standard","5","30","13.99","USD","","","2026-07-27","UZB","saily-UZB-Standard-5-30-13.99","Select 5 GB - 30 days for 13.99 USD.","","13.99","visible_text"
"saily","Uzbekistan","UZ","Uzbekistan","https://saily.com/esim-uzbekistan/","Standard","10","30","22.99","USD","","","2026-07-27","UZB","saily-UZB-Standard-10-30-22.99","Select 10 GB - 30 days for 22.99 USD.","","22.99","visible_text"
"saily","Uzbekistan","UZ","Uzbekistan","https://saily.com/esim-uzbekistan/","Standard","20","30","32.99","USD","","","2026-07-27","UZB","saily-UZB-Standard-20-30-32.99","Select 20 GB - 30 days for 32.99 USD.","","32.99","visible_text"
"saily","Venezuela","VE","Venezuela","https://saily.com/esim-venezuela/","Standard","1","7","8.49","USD","","","2026-07-27","VEN","saily-VEN-Standard-1-7-8.49","Select 1 GB - 7 days for 8.49 USD.","","8.49","visible_text"
"saily","Venezuela","VE","Venezuela","https://saily.com/esim-venezuela/","Standard","3","30","22.99","USD","","","2026-07-27","VEN","saily-VEN-Standard-3-30-22.99","Select 3 GB - 30 days for 22.99 USD.","","22.99","visible_text"
"saily","Venezuela","VE","Venezuela","https://saily.com/esim-venezuela/","Standard","5","30","35.99","USD","","","2026-07-27","VEN","saily-VEN-Standard-5-30-35.99","Select 5 GB - 30 days for 35.99 USD.","","35.99","visible_text"
"saily","Vietnam","VN","Vietnam","https://saily.com/esim-vietnam/","Standard","1","7","3.99","USD","","","2026-07-27","VNM","saily-VNM-Standard-1-7-3.99","Select 1 GB - 7 days for 3.99 USD.","","3.99","visible_text"
"saily","Vietnam","VN","Vietnam","https://saily.com/esim-vietnam/","Standard","3","30","7.99","USD","","","2026-07-27","VNM","saily-VNM-Standard-3-30-7.99","Select 3 GB - 30 days for 7.99 USD.","","7.99","visible_text"
"saily","Vietnam","VN","Vietnam","https://saily.com/esim-vietnam/","Standard","5","30","10.99","USD","","","2026-07-27","VNM","saily-VNM-Standard-5-30-10.99","Select 5 GB - 30 days for 10.99 USD.","","10.99","visible_text"
"saily","Vietnam","VN","Vietnam","https://saily.com/esim-vietnam/","Standard","10","30","17.99","USD","","","2026-07-27","VNM","saily-VNM-Standard-10-30-17.99","Select 10 GB - 30 days for 17.99 USD.","","17.99","visible_text"
"saily","Vietnam","VN","Vietnam","https://saily.com/esim-vietnam/","Standard","20","30","28.99","USD","","","2026-07-27","VNM","saily-VNM-Standard-20-30-28.99","Select 20 GB - 30 days for 28.99 USD.","","28.99","visible_text"
"saily","Vietnam","VN","Vietnam","https://saily.com/esim-vietnam/","Unlimited","Unlimited","5","18.99","USD","","","2026-07-27","VNM","54b1f579-b0a6-4eeb-91be-af0808a7b1b7","Select Unlimited - 5 days for 18.99 USD.","","18.99","offer_schema"
"saily","Vietnam","VN","Vietnam","https://saily.com/esim-vietnam/","Unlimited","Unlimited","7","26.99","USD","","","2026-07-27","VNM","2b9e5384-8f19-486c-8cb3-dc506e35f207","Select Unlimited - 7 days for 26.99 USD.","","26.99","offer_schema"
"saily","Vietnam","VN","Vietnam","https://saily.com/esim-vietnam/","Unlimited","Unlimited","10","34.99","USD","","","2026-07-27","VNM","b38b61ca-c44b-4990-ade6-1f0d6c6648a0","Select Unlimited - 10 days for 34.99 USD.","","34.99","offer_schema"
"saily","Vietnam","VN","Vietnam","https://saily.com/esim-vietnam/","Unlimited","Unlimited","15","48.99","USD","","","2026-07-27","VNM","8cfa69b5-3544-4977-87d8-c1b9fe83dfd2","Select Unlimited - 15 days for 48.99 USD.","","48.99","offer_schema"
"saily","Vietnam","VN","Vietnam","https://saily.com/esim-vietnam/","Unlimited","Unlimited","20","59.99","USD","","","2026-07-27","VNM","8514b513-5bbc-4437-888c-379b62157fa5","Select Unlimited - 20 days for 59.99 USD.","","59.99","offer_schema"
"saily","Vietnam","VN","Vietnam","https://saily.com/esim-vietnam/","Unlimited","Unlimited","25","65.99","USD","","","2026-07-27","VNM","30e3d1c1-804f-40e4-9821-6d622ecb1d69","Select Unlimited - 25 days for 65.99 USD.","","65.99","offer_schema"
"saily","Vietnam","VN","Vietnam","https://saily.com/esim-vietnam/","Unlimited","Unlimited","30","71.99","USD","","","2026-07-27","VNM","6621b9f1-7432-4c8c-bdc8-171edc2a3900","Select Unlimited - 30 days for 71.99 USD.","","71.99","offer_schema"
